<?xml version="1.0" encoding="UTF-8"?>
<OMHRSErrors xmlns:xsi="http://www.w3.org/2001/XMLSchema-instance" xsi:schemaLocation="http://www.cihi.ca/OMHRS Error.xsd" xmlns="http://www.cihi.ca/OMHRS">

	<!--
	*	OMHRS Errors
	*	Release 2011_1.0
	*	CIHI
	-->


	<Error>
		<ErrorID>000010</ErrorID>
		<ErrorMessage>Invalid data</ErrorMessage>
	</Error>
	<Error>
		<ErrorID>000020</ErrorID>
		<ErrorMessage>Invalid data length.  Data length must be &gt;= the minimum specified length.</ErrorMessage>
	</Error>
	<Error>
		<ErrorID>000030</ErrorID>
		<ErrorMessage>Invalid data length.  Data length must be &lt;= the maximum specified length.</ErrorMessage>
	</Error>
	<Error>
		<ErrorID>000040</ErrorID>
		<ErrorMessage>Invalid numeric data.  Data can only contain numerals.</ErrorMessage>
	</Error>
	<Error>
		<ErrorID>000050</ErrorID>
		<ErrorMessage>Invalid date.  Date must be &lt;= Z5 Date of Submission.</ErrorMessage>
	</Error>
	<Error>
		<ErrorID>000060</ErrorID>
		<ErrorMessage>Invalid date.  Invalid year, month or day.  Date should be YYYYMMDD.</ErrorMessage>
	</Error>
	<Error>
		<ErrorID>000070</ErrorID>
		<ErrorMessage>Invalid alphanumeric data.  Data can only contain alphabets, numerals, space or dash/minus sign.</ErrorMessage>
	</Error>
	<Error>
		<ErrorID>000080</ErrorID>
		<ErrorMessage>X2 Submission type indicates New, but matching X1 Record ID already exists.</ErrorMessage>
	</Error>
	<Error>
		<ErrorID>000090</ErrorID>
		<ErrorMessage>Mandatory data element missing.</ErrorMessage>
	</Error>
	<Error>
		<ErrorID>000100</ErrorID>
		<ErrorMessage>No corresponding Admission Assessment found.  For acceptance of a Quarterly, Change in Status or Discharge Assessment, an Admission Assessment must exist with the same AA4 Facility Number, X30 Chart Number, and AA3 Case Record Number.</ErrorMessage>
	</Error>
	<Error>
		<ErrorID>000111</ErrorID>
		<ErrorMessage>Invalid A2 Reason for Assessment. A2 Reason for Assessment must = 3  when Z1 Record Type =  5 and [X90 Discharge Reason = 1] and [(X80 Discharge Date - CC1 Date Stay Began - X130 Total Days Away from Bed) &gt; 6] on a New or Correction submission.</ErrorMessage>
	</Error>
	<Error>
		<ErrorID>000120</ErrorID>
		<ErrorMessage>Duplicate record.  Record with the same AA4 Facility Number, X30 Chart number, AA3 Case Record Number and A1 Assessment Reference Date already exists.</ErrorMessage>
	</Error>
	<Error>
		<ErrorID>000140</ErrorID>
		<ErrorMessage>Duplicate record.  Admission or Short Stay record with the same AA4 Facility Number, X30 Chart Number, AA3 Case Record Number already exists.</ErrorMessage>
	</Error>
	<Error>
		<ErrorID>000150</ErrorID>
		<ErrorMessage>Inappropriate to delete Admission Assessment prior to Quarterly, Change in Status, Discharge or Medication records.</ErrorMessage>
	</Error>
	<Error>
		<ErrorID>000160</ErrorID>
		<ErrorMessage>Inappropriate to delete Quarterly Assessment when another Quarterly Assessment exists with a later A1 Assessment Reference Date.</ErrorMessage>
	</Error>
	<Error>
		<ErrorID>000170</ErrorID>
		<ErrorMessage>Inappropriate to delete Quarterly Assessment prior to Discharge record.</ErrorMessage>
	</Error>
	<Error>
		<ErrorID>000190</ErrorID>
		<ErrorMessage>Inappropriate to delete Discharge record prior to Medication record with the same A1 Assessment Reference Date.</ErrorMessage>
	</Error>
	<Error>
		<ErrorID>000200</ErrorID>
		<ErrorMessage>Inappropriate to delete Change in Status Assessment prior to Quarterly Assessment with &gt;= A1 Assessment Reference Date.</ErrorMessage>
	</Error>
	<Error>
		<ErrorID>000210</ErrorID>
		<ErrorMessage>Inappropriate to delete Change in Status Assessment when another Change in Status Assessment exists with a later A1 Assessment Reference Date.</ErrorMessage>
	</Error>
	<Error>
		<ErrorID>000220</ErrorID>
		<ErrorMessage>Inappropriate to delete Quarterly assessment prior to Change in Status Assessment with &gt;= A1 Assessment Reference Date.</ErrorMessage>
	</Error>
	<Error>
		<ErrorID>000230</ErrorID>
		<ErrorMessage>Inappropriate to delete Change in Status Assessment prior to Discharge record.</ErrorMessage>
	</Error>
	<Error>
		<ErrorID>000240</ErrorID>
		<ErrorMessage>Inappropriate to delete Change in Status Assessment prior to Medication record with &gt;= A1 Assessment Reference Date.</ErrorMessage>
	</Error>
	<Error>
		<ErrorID>000250</ErrorID>
		<ErrorMessage>Invalid X80 Discharge Date.  X80 Discharge Date must be &gt;= CC1 Date Stay Began of the associated Admission record (same AA4 Facility Number, X30 Chart Number and AA3 Case Record Number).</ErrorMessage>
	</Error>
	<Error>
		<ErrorID>000260</ErrorID>
		<ErrorMessage>Invalid A1 Assessment Reference Date.  A1 Assessment Reference Date must be &gt;= CC1 Date Stay Began of the associated Admission record (same AA4 Facility Number, X30 Chart Number and AA3 Case Record Number).</ErrorMessage>
	</Error>
	<Error>
		<ErrorID>000270</ErrorID>
		<ErrorMessage>Invalid A1 Assessment Reference Date. A1 Assessment Reference Date must be &lt;= X80 Discharge Date of the associated Discharge record (same AA4 Facility Number, X30 Chart Number and AA3 Case Record Number).</ErrorMessage>
	</Error>
	<Error>
		<ErrorID>000290</ErrorID>
		<ErrorMessage>X2 Submission Type indicates Correction, but no records with matching Facility Number, Record ID, Chart Number, Case Record Number, Assessment Reference Date and Record Type exists in the database.</ErrorMessage>
	</Error>
	<Error>
		<ErrorID>000300</ErrorID>
		<ErrorMessage>Number of data records in transmission file inconsistent with Z4 Number of records specified on the control record.</ErrorMessage>
	</Error>
	<Error>
		<ErrorID>000310</ErrorID>
		<ErrorMessage>Z3 Fiscal Quarter of Submission denotes Facility Profile but assessment records submitted.</ErrorMessage>
	</Error>
	<Error>
		<ErrorID>000320</ErrorID>
		<ErrorMessage>Z3 Fiscal Quarter of Submission denotes a quarter but Facility Profile record submitted.</ErrorMessage>
	</Error>
	<Error>
		<ErrorID>000330</ErrorID>
		<ErrorMessage>Invalid Z2 Fiscal Year of Submission. Z2 Fiscal Year of Submission must match the fiscal year of submission in the file name.</ErrorMessage>
	</Error>
	<Error>
		<ErrorID>000340</ErrorID>
		<ErrorMessage>Invalid Z3 Fiscal Quarter for this Submission. Z3 Fiscal Quarter for this Submission must match the fiscal quarter of submission in the file name.</ErrorMessage>
	</Error>
	<Error>
		<ErrorID>000350</ErrorID>
		<ErrorMessage>Invalid AA4 Facility Number. AA4 Facility Number must match the facility number in the file name.</ErrorMessage>
	</Error>
	<Error>
		<ErrorID>000401</ErrorID>
		<ErrorMessage>Missing Data.  Data element cannot be blank when X90 Discharge Reason = 1 and Length of Stay (X80 Discharge Date - CC1 Date Stay Began) - X130 Total Days Away from Bed &gt; 6.</ErrorMessage>
	</Error>
	<Error>
		<ErrorID>000410</ErrorID>
		<ErrorMessage>Invalid AA2 Health Card Number.  Invalid Health Card Number format for specified X20 Province/Territory Issuing Health Card Number. (alpha must be upper case)</ErrorMessage>
	</Error>
	<Error>
		<ErrorID>000421</ErrorID>
		<ErrorMessage>Invalid X4 Health Card Number Status. X4 must = 9 when X20 Province/Territory Issuing Health Card Number  = -90.</ErrorMessage>
	</Error>
	<Error>
		<ErrorID>000431</ErrorID>
		<ErrorMessage>Invalid X4 Health Card Number Status. X4 must = 8 when X20 Province/Territory Issuing Health Card Number  = -70.</ErrorMessage>
	</Error>
	<Error>
		<ErrorID>000440</ErrorID>
		<ErrorMessage>Invalid BB2 Birthdate.  BB2 Birthdate must be &lt;= CC1 Date Stay Began.</ErrorMessage>
	</Error>
	<Error>
		<ErrorID>000450</ErrorID>
		<ErrorMessage>Suspicious BB2 Birthdate or CC1 Date Stay Began.  Calculated Age at Date Stay Began is less than 14 years or greater than 115 years. Check BB2 Birthdate and CC1 Date Stay Began.</ErrorMessage>
	</Error>
	<Error>
		<ErrorID>000460</ErrorID>
		<ErrorMessage>Invalid BB6a-BB6f.  All elements BB6a-f must be coded as 0 when BB6g Income - No income = 1.</ErrorMessage>
	</Error>
	<Error>
		<ErrorID>000480</ErrorID>
		<ErrorMessage>Invalid BB6g Income - No income.  BB6g Income - No income must = 0 when any of BB6a-BB6f = 1.</ErrorMessage>
	</Error>
	<Error>
		<ErrorID>000490</ErrorID>
		<ErrorMessage>Invalid CC1 Date Stay Began.  CC1 Date Stay Began must be &lt;= A1 Assessment Reference Date.</ErrorMessage>
	</Error>
	<Error>
		<ErrorID>000502</ErrorID>
		<ErrorMessage>Invalid CC2 Reason for Admission.  CC2f Reason for Admission - Justice System must = 1 or CC2h Reason for Admission - Forensic Assessment must = 1 when A3a Status at Time of Admission or A3b Status at Time of Assessment = 5.</ErrorMessage>
	</Error>
	<Error>
		<ErrorID>000511</ErrorID>
		<ErrorMessage>Invalid CC3 Who Lived with at Admission.  CC3 must = 6 when CC4a Admitted From = 13.</ErrorMessage>
	</Error>
	<Error>
		<ErrorID>000520</ErrorID>
		<ErrorMessage>Invalid DD1 Number of Psych Admits  (recent). DD1 must = 0 when DD2 Number of Psych Admits (lifetime) = 0.</ErrorMessage>
	</Error>
	<Error>
		<ErrorID>000530</ErrorID>
		<ErrorMessage>Invalid DD1 Number of Psych Admits  (recent). DD1 must = 0 when  DD3 Time Since Last Discharge = 8.</ErrorMessage>
	</Error>
	<Error>
		<ErrorID>000540</ErrorID>
		<ErrorMessage>Invalid DD1 Number of Psych Admits  (recent). DD1 must = 0 when  DD4 Amount of Time Hospitalized = 0.</ErrorMessage>
	</Error>
	<Error>
		<ErrorID>000550</ErrorID>
		<ErrorMessage>Invalid DD2 Number of Psych Admits  (lifetime). DD2 must = 0 when  DD3 Time Since Last Discharge = 8.</ErrorMessage>
	</Error>
	<Error>
		<ErrorID>000560</ErrorID>
		<ErrorMessage>Invalid DD3 Time Since Last Discharge. DD3 Time Since Last Discharge must = 8 when DD2 Num Psych Admits (lifetime) = 0.</ErrorMessage>
	</Error>
	<Error>
		<ErrorID>000570</ErrorID>
		<ErrorMessage>Invalid DD4 Amount of Time Hospitalized. DD4 Amount of Time Hospitalized must = 0 when DD1 Number of Psych Admits (recent) = 0.</ErrorMessage>
	</Error>
	<Error>
		<ErrorID>000580</ErrorID>
		<ErrorMessage>Invalid DD4 Amount of Time Hospitalized. DD4 Amount of Time Hospitalized cannot = 0 when DD1 Number of Psych Admits (recent) does not = 0.</ErrorMessage>
	</Error>
	<Error>
		<ErrorID>000590</ErrorID>
		<ErrorMessage>Invalid DD4 Amount of Time Hospitalized. DD4 Amount of Time Hospitalized must = 0 when  DD3 Time Since Last Discharge  = 8.</ErrorMessage>
	</Error>
	<Error>
		<ErrorID>000600</ErrorID>
		<ErrorMessage>Invalid A2 Reason for Assessment. A2 Reason for Assessment must = 2 when Z1 Record Type = 4 on a New or Correction submission.</ErrorMessage>
	</Error>
	<Error>
		<ErrorID>000610</ErrorID>
		<ErrorMessage>Invalid A2 Reason for Assessment. A2 Reason for Assessment must = 4, 5 or 6  when Z1 Record Type = 6 on a New or Correction submission.</ErrorMessage>
	</Error>
	<Error>
		<ErrorID>000631</ErrorID>
		<ErrorMessage>Invalid D1c Self-Injury - Considered. D1c must not = 0 when D1a Self-Injury - Most Recent Attempt not = 0.</ErrorMessage>
	</Error>
	<Error>
		<ErrorID>000641</ErrorID>
		<ErrorMessage>Invalid D1b Self-Injury - Intent.  D1b must = 8 when D1a Self-Injury - Most Recent Attempt = 0.</ErrorMessage>
	</Error>
	<Error>
		<ErrorID>000650</ErrorID>
		<ErrorMessage>Invalid E1a Wandering.  E1a Wandering must = 0 when G1b Walking = 6 or 8 AND G1c Wheeling = 6 or 8.</ErrorMessage>
	</Error>
	<Error>
		<ErrorID>000670</ErrorID>
		<ErrorMessage>Suspicious G1d ADL.  G1d ADL  - Toilet Use = 8 (Activity did not occur in last 3 days).</ErrorMessage>
	</Error>
	<Error>
		<ErrorID>000680</ErrorID>
		<ErrorMessage>Suspicious G1e ADL.  G1e ADL  - Eating = 8 (Activity did not occur in last 3 days).</ErrorMessage>
	</Error>
	<Error>
		<ErrorID>000691</ErrorID>
		<ErrorMessage>Invalid I11 Other Medical Diagnoses.  ICD-10-CA code must not be a psychiatric conditions (F00 - F99)</ErrorMessage>
	</Error>
	<Error>
		<ErrorID>000710</ErrorID>
		<ErrorMessage>Invalid I8a Pain Frequency. I8a Pain Frequency must = 0 when I8b Pain Intensity = 0.</ErrorMessage>
	</Error>
	<Error>
		<ErrorID>000720</ErrorID>
		<ErrorMessage>Invalid I8b Pain Intensity.  I8b Pain Intensity must = 0 when I8a Pain Frequency = 0.</ErrorMessage>
	</Error>
	<Error>
		<ErrorID>000730</ErrorID>
		<ErrorMessage>Suspicious I9 Bladder Continence.   I9 Bladder Continence = 8 (Did not occur in last 3 days).</ErrorMessage>
	</Error>
	<Error>
		<ErrorID>000741</ErrorID>
		<ErrorMessage>Invalid J2 Life Event Causes Sense of Horror or Intense Fear.  J2 must = 0 when J1a-J1p = 0.</ErrorMessage>
	</Error>
	<Error>
		<ErrorID>000750</ErrorID>
		<ErrorMessage>Suspicious N1a Height.  N1a Height coded as &lt; 91 cm (3 feet) or &gt; 213 cm (7 feet).</ErrorMessage>
	</Error>
	<Error>
		<ErrorID>000760</ErrorID>
		<ErrorMessage>Suspicious N1b Weight.  N1b Weight coded as &lt; 23 kg (50 lbs) or &gt; 200 kg (440 lbs).</ErrorMessage>
	</Error>
	<Error>
		<ErrorID>000771</ErrorID>
		<ErrorMessage>Invalid P5 Discharge To. P5 must = 15 when X90 Discharge Reason = 2 or 3.</ErrorMessage>
	</Error>
	<Error>
		<ErrorID>000780</ErrorID>
		<ErrorMessage>Invalid to record more than one &apos;1&apos; within Q1a-Q1q.</ErrorMessage>
	</Error>
	<Error>
		<ErrorID>000790</ErrorID>
		<ErrorMessage>Invalid to record more than one &apos;2&apos; within Q1a-Q1p.</ErrorMessage>
	</Error>
	<Error>
		<ErrorID>000800</ErrorID>
		<ErrorMessage>Invalid to record more than one &apos;3&apos; within Q1a-Q1p.</ErrorMessage>
	</Error>
	<Error>
		<ErrorID>000820</ErrorID>
		<ErrorMessage>Invalid X50a-i.  All elements X50a-h must be coded as 0 when X50i Responsibility for Payment - Unknown = 1.</ErrorMessage>
	</Error>
	<Error>
		<ErrorID>000830</ErrorID>
		<ErrorMessage>Invalid X50i Responsibility for Payment - Unknown.  X50i must = 0 when any of X50a-h = 1.</ErrorMessage>
	</Error>
	<Error>
		<ErrorID>000841</ErrorID>
		<ErrorMessage>Missing X65 Referred From Facility Number. X65 must be specified when CC4a - Admitted From = 7, 9, 10, or 12.</ErrorMessage>
	</Error>
	<Error>
		<ErrorID>000851</ErrorID>
		<ErrorMessage>Invalid X80 Discharge Date, CC1 Date Stay Began, and X130 Total Days Away from Bed combination.  Length of Stay (X80 Discharge Date - CC1 Date Stay Began) - Total Days Away from Bed must be &lt;= 3 on Short Stay records.</ErrorMessage>
	</Error>
	<Error>
		<ErrorID>000870</ErrorID>
		<ErrorMessage>Invalid X110 Service Interruption End Date.   X110 Service Interruption End Date must be &gt; = X100 Service Interruption Start Date.</ErrorMessage>
	</Error>
	<Error>
		<ErrorID>000881</ErrorID>
		<ErrorMessage>Invalid X110 Service Interruption End Date.   Complete Service Interruption (End Date - Start Date) must be &gt;= 1 day and &lt;= 90 days.</ErrorMessage>
	</Error>
	<Error>
		<ErrorID>000890</ErrorID>
		<ErrorMessage>Invalid X130 Total Days Away From Bed.  X130 must be &gt;=  the specified Service Interruption days (X110C-X100C + X110B-X100B + X110A - X100A).</ErrorMessage>
	</Error>
	<Error>
		<ErrorID>000901</ErrorID>
		<ErrorMessage>Missing X140 Discharged to Facility Number.  X140 must be specified when P5 Discharge To = 7, 9, 10, or 12.</ErrorMessage>
	</Error>
	<Error>
		<ErrorID>000921</ErrorID>
		<ErrorMessage>Invalid X140 Discharged to Facility  #. X140 Discharged to Facility  # must be blank when P5 Discharge To is a non-facility (1-6, 8, 15).</ErrorMessage>
	</Error>
	<Error>
		<ErrorID>000930</ErrorID>
		<ErrorMessage>Invalid A1 Assessment Reference Date. A1 Assessment Reference Date must be within the Z2 Fiscal Year of Submission specified on the control record.</ErrorMessage>
	</Error>
	<Error>
		<ErrorID>000940</ErrorID>
		<ErrorMessage>Invalid A1 Assessment Reference Date. A1 Assessment Reference Date must be within the Z3 Fiscal Quarter of Submission specified on the control record.</ErrorMessage>
	</Error>
	<Error>
		<ErrorID>000950</ErrorID>
		<ErrorMessage>Open episode of care exists for matching X30 Chart Number and AA4 Facility Number.  Discharge record for prior episode of care must be submitted before a new Admission Assessment or Short Stay record can be submitted.</ErrorMessage>
	</Error>
	<Error>
		<ErrorID>001000</ErrorID>
		<ErrorMessage>Invalid Postal Code.  Postal Code must not begin with D, F, I, O, Q, U, or W.</ErrorMessage>
	</Error>
	<Error>
		<ErrorID>001010</ErrorID>
		<ErrorMessage>Invalid email address.  Email address must contain only one &apos;@&apos; symbol, at least one &apos;.&apos;(period), no &apos;,&apos; (comma) and must be at least 5 bytes long (a@b.c).</ErrorMessage>
	</Error>
	<Error>
		<ErrorID>001030</ErrorID>
		<ErrorMessage>Invalid Service Interruption Start Date. Service Interruption periods must be sequential.</ErrorMessage>
	</Error>
	<Error>
		<ErrorID>001040</ErrorID>
		<ErrorMessage>X2 Submission Type indicates Delete, but no records with matching Facility Number, Record ID, Chart Number, Case Record Number, Assessment Reference Date and Record Type exists in the database.</ErrorMessage>
	</Error>
	<Error>
		<ErrorID>001060</ErrorID>
		<ErrorMessage>Inappropriate to delete Quarterly record when a Medication record exists with an Assessment Reference Date on or after the Assessment Reference Date of the record to be deleted</ErrorMessage>
	</Error>
	<Error>
		<ErrorID>001070</ErrorID>
		<ErrorMessage>Facility profile already exists.  Once accepted into the database, the record ID of the facility profile must not change.</ErrorMessage>
	</Error>
	<Error>
		<ErrorID>001090</ErrorID>
		<ErrorMessage>No corresponding assessment record found.  For acceptance of a medication record an assessment must exist with the same AA4 Facility Number, X30 Chart Number, AA3 Case Record Number and A1 Assessment Reference Date.</ErrorMessage>
	</Error>
	<Error>
		<ErrorID>001100</ErrorID>
		<ErrorMessage>Invalid A1 Assessment Reference Date.  Assessments prior to the Oct 1, 2005 Ontario mandate will not be accepted into OMHRS.</ErrorMessage>
	</Error>
	<Error>
		<ErrorID>001110</ErrorID>
		<ErrorMessage>Invalid Control Record.</ErrorMessage>
	</Error>
	<Error>
		<ErrorID>001120</ErrorID>
		<ErrorMessage>Invalid Service Interruption Start Date. Start Date must be greater than or equal to the Assessment Reference Date of the patient&apos;s last assessment.</ErrorMessage>
	</Error>
	<Error>
		<ErrorID>001130</ErrorID>
		<ErrorMessage>Invalid X130 Total Days Away From Bed. Total Days Away From Bed must be less than or equal to the number of days between the Assessment Reference Date of the patient&apos;s current and last assessment.</ErrorMessage>
	</Error>
	<Error>
		<ErrorID>001150</ErrorID>
		<ErrorMessage>Invalid X80 Discharge Date. On a short stay record X80 Discharge Date must be greater than or equal to CC1 Date Stay Began.</ErrorMessage>
	</Error>
	<Error>
		<ErrorID>001160</ErrorID>
		<ErrorMessage>Missing data.  If Service Interruption Start Date, End Date or Reason is completed, then all three elements must be completed.</ErrorMessage>
	</Error>
	<Error>
		<ErrorID>001170</ErrorID>
		<ErrorMessage>Invalid CC1 Date Stay Began.  Admissions prior to the Oct 1, 2005 Ontario mandate will not be accepted into OMHRS.</ErrorMessage>
	</Error>
	<Error>
		<ErrorID>001181</ErrorID>
		<ErrorMessage>Invalid ICD-10-CA code.</ErrorMessage>
	</Error>
	<Error>
		<ErrorID>001190</ErrorID>
		<ErrorMessage>Invalid FP3e. FP3e Postal Code must be in ANANAN format with the alpha characters as upper case</ErrorMessage>
	</Error>
	<Error>
		<ErrorID>001200</ErrorID>
		<ErrorMessage>Invalid X60. Postal Code of Patient&apos;s Residence must be one of (ANANAN, ANA,  -70,  -90) with the alpha characters as upper case.</ErrorMessage>
	</Error>
	<Error>
		<ErrorID>001221</ErrorID>
		<ErrorMessage>Invalid ICD-10-CA code.  ICD-10-CA code must conform with age/sex validation rules.</ErrorMessage>
	</Error>
	<Error>
		<ErrorID>001240</ErrorID>
		<ErrorMessage>Invalid Q1a-Q1q. At least one DSM-IV provisional diagnostic category must be specified as 1 - most important.</ErrorMessage>
	</Error>
	<Error>
		<ErrorID>001250</ErrorID>
		<ErrorMessage>Invalid submission file construction. The first record in a submission file must be a control record.</ErrorMessage>
	</Error>
	<Error>
		<ErrorID>001260</ErrorID>
		<ErrorMessage>Invalid submission file construction. A submission file must only have one control record.</ErrorMessage>
	</Error>
	<Error>
		<ErrorID>001270</ErrorID>
		<ErrorMessage>Invalid ASCII file construction.  The record length must not exceed specified length.</ErrorMessage>
	</Error>
	<Error>
		<ErrorID>001300</ErrorID>
		<ErrorMessage>Invalid XML file construction. XML declaration must be correct.</ErrorMessage>
	</Error>
	<Error>
		<ErrorID>001310</ErrorID>
		<ErrorMessage>Invalid XML file construction. XML root element must be correct.</ErrorMessage>
	</Error>
	<Error>
		<ErrorID>001320</ErrorID>
		<ErrorMessage>Invalid XML file construction.  XML must be valid.</ErrorMessage>
	</Error>
	<Error>
		<ErrorID>001330</ErrorID>
		<ErrorMessage>Invalid file name format.</ErrorMessage>
	</Error>
	<Error>
		<ErrorID>001340</ErrorID>
		<ErrorMessage>Invalid Z1 Record Type.</ErrorMessage>
	</Error>
	<Error>
		<ErrorID>001360</ErrorID>
		<ErrorMessage>Invalid BB6g. BB6g must = 1 if all of BB6a-BB6f = 0.</ErrorMessage>
	</Error>
	<Error>
		<ErrorID>001370</ErrorID>
		<ErrorMessage>Invalid X100A, X110A and X120A. X100A, X110A and X120A must not be blank if X100B, X110B and X120B are not blank - Service interruption data elements A, B and C must be completed in order.</ErrorMessage>
	</Error>
	<Error>
		<ErrorID>001380</ErrorID>
		<ErrorMessage>Invalid X100B, X110B and X120B.  X100B, X110B and X120B must not be blank if  X100C, X110C and X120C are not blank - Service interruption data elements A, B and C must be completed in order.</ErrorMessage>
	</Error>
	<Error>
		<ErrorID>001400</ErrorID>
		<ErrorMessage>Invalid  X110A/X110B/X110C Service Interruption End Date.  Service Interruption End Dates must be prior to or the same date as X80 Discharge Date.</ErrorMessage>
	</Error>
	<Error>
		<ErrorID>001410</ErrorID>
		<ErrorMessage>Invalid  X110A/X110B/X110C Service Interruption End Date. Service Interruption End Dates must be prior to or the same date as A1 Assessment Reference Date.</ErrorMessage>
	</Error>
	<Error>
		<ErrorID>001420</ErrorID>
		<ErrorMessage>Invalid X130 Days Away from Bed. When service interruption data is completed, X130 must also be completed and be =&gt; the sum of the service interruption periods.</ErrorMessage>
	</Error>
	<Error>
		<ErrorID>001430</ErrorID>
		<ErrorMessage>Invalid A1 Assessment Reference Date. Assessment Reference Date must be &gt; A1 Assessment Reference Date of  the associated Admission record (same AA4 Facility Number, X30 Chart Number and AA3 Case Record Number).</ErrorMessage>
	</Error>
	<Error>
		<ErrorID>001440</ErrorID>
		<ErrorMessage>Discharge or short stay record with the same AA4 Facility Number, X30 Chart Number, AA3 Case Record Number already exists.</ErrorMessage>
	</Error>
	<Error>
		<ErrorID>001450</ErrorID>
		<ErrorMessage>Invalid A2 Reason for Assessment. A2 Reason for Assessment must = 1 when Z1 Record Type = 3 on a New or Correction submission.</ErrorMessage>
	</Error>
	<Error>
		<ErrorID>001461</ErrorID>
		<ErrorMessage>Invalid A1 Assessment Reference Date. Assessment Reference Date must be &lt;= A1 Assessment Reference Date of  the associated Discharge record (same AA4 Facility Number, X30 Chart Number and AA3 Case Record Number).</ErrorMessage>
	</Error>
	<Error>
		<ErrorID>001471</ErrorID>
		<ErrorMessage>Invalid I11h-I11m Other Medical Diagnoses.  ICD-10-CA codes in I11h-I11m must be unique.</ErrorMessage>
	</Error>
	<Error>
		<ErrorID>001481</ErrorID>
		<ErrorMessage>Invalid Q2a-Q2f. DSM-IV diagnostic codes in Q2a - Q2f must be unique.</ErrorMessage>
	</Error>
	<Error>
		<ErrorID>001490</ErrorID>
		<ErrorMessage>No corresponding Facility Profile found. New fiscal year Facility Profile must be submitted before new fiscal year data can be submitted.</ErrorMessage>
	</Error>
	<Error>
		<ErrorID>001500</ErrorID>
		<ErrorMessage>Invalid X50i. X50i must = 1 if all of X50a-X50h = 0.</ErrorMessage>
	</Error>
	<Error>
		<ErrorID>001511</ErrorID>
		<ErrorMessage>Invalid CC2g. CC2g must = 1 if all of CC2a-CC2f = 0 and CC2h = 0.</ErrorMessage>
	</Error>
	<Error>
		<ErrorID>001520</ErrorID>
		<ErrorMessage>Invalid Q1a-Q1p. All elements Q1a-Q1p must be completed in order of importance.</ErrorMessage>
	</Error>
	<Error>
		<ErrorID>001530</ErrorID>
		<ErrorMessage>Invalid province/territory code. The first character of AA4, X65 or X140  must be valid province/territory code (0-9, N, Y, V, Z), and if Z is coded then the remaining 4 digits must be 9999.</ErrorMessage>
	</Error>
	<Error>
		<ErrorID>001540</ErrorID>
		<ErrorMessage>Invalid Q1. Q1a - Q1p must be blank if Q1q=1.</ErrorMessage>
	</Error>
	<Error>
		<ErrorID>001550</ErrorID>
		<ErrorMessage>Invalid DD6. DD6 Age at First Hospitalization must be in the appropriate range as per patient&apos;s age at admission.</ErrorMessage>
	</Error>
	<Error>
		<ErrorID>001561</ErrorID>
		<ErrorMessage>Invalid CC2 Reason for Admission.  CC2f Reason for Admission - Justice System must = 1 or CC2h Reason for Admission - Forensic Assessment must = 1 when Q5 Current Patient Type = 4.</ErrorMessage>
	</Error>
	<Error>
		<ErrorID>001570</ErrorID>
		<ErrorMessage>Invalid X65 Referred From Facility #. X65 Referred From Facility # must be blank when CC4a - Admitted From is a non-facility (1-6, 8).</ErrorMessage>
	</Error>
	<Error>
		<ErrorID>001580</ErrorID>
		<ErrorMessage>Invalid A3a Status at Time of Admission. A3a must = 5 when A3b Status at Time of Assessment = 5.</ErrorMessage>
	</Error>
	<Error>
		<ErrorID>001590</ErrorID>
		<ErrorMessage>Invalid A3b Status at Time of Assessment. A3b must = 5 when A3a Status at Time of Admission = 5.</ErrorMessage>
	</Error>
	<Error>
		<ErrorID>001600</ErrorID>
		<ErrorMessage>Invalid A3b Status at Time of Assessment.  A3b must = 5 when Q5 Current Patient Type = 4.</ErrorMessage>
	</Error>
	<Error>
		<ErrorID>001611</ErrorID>
		<ErrorMessage>Invalid A5 Police Intervention. A5 Police Intervention must not = 0 when CC2f Reason for Admission - Justice System = 1 or CC2h Reason for Admission - Forensic Assessment = 1.</ErrorMessage>
	</Error>
	<Error>
		<ErrorID>001630</ErrorID>
		<ErrorMessage>Invalid A5 Police Intervention. A5 Police Intervention must not = 0 when A3b Status at Time of Assessment = 5.</ErrorMessage>
	</Error>
	<Error>
		<ErrorID>001640</ErrorID>
		<ErrorMessage>Invalid A5 Police Intervention. A5 Police Intervention must not = 0 when Q5 Current Patient Type = 4.</ErrorMessage>
	</Error>
	<Error>
		<ErrorID>001651</ErrorID>
		<ErrorMessage>Invalid Q5 Current Patient Type. Q5 must = 4 when A3b Status at Time of Assessment = 5.</ErrorMessage>
	</Error>
	<Error>
		<ErrorID>001660</ErrorID>
		<ErrorMessage>Invalid X6 Number of ECTs Since Last Assessment. X6 must = 0 when L6 ECT = 0.</ErrorMessage>
	</Error>
	<Error>
		<ErrorID>001670</ErrorID>
		<ErrorMessage>Invalid X75 Days in Alternative Level of Care Since Last Assessment. X75 must be less than or equal to the number of days between the Assessment Reference Date of the patient&apos;s current and last assessment.</ErrorMessage>
	</Error>
	<Error>
		<ErrorID>001690</ErrorID>
		<ErrorMessage>Invalid AA5 Unit Identifier. AA5 must not = 50 when AA4 Facility Number is an Ontario facility number.</ErrorMessage>
	</Error>
	<Error>
		<ErrorID>001700</ErrorID>
		<ErrorMessage>Missing AA2 Health Card Number. AA2 must be reported when X4 Health Card Number Status = 1.</ErrorMessage>
	</Error>
	<Error>
		<ErrorID>001720</ErrorID>
		<ErrorMessage>Missing X7 Primary Diagnosis. X7 must be coded if Axis I DSM-IV code Q2a and Axis II DSM-IV code Q2d are both reported.</ErrorMessage>
	</Error>
	<Error>
		<ErrorID>001730</ErrorID>
		<ErrorMessage>Invalid DSM-IV code. The first character of DSM-IV code must be one of the following: V, 2, 3, 6, 7, 9.</ErrorMessage>
	</Error>
	<Error>
		<ErrorID>001740</ErrorID>
		<ErrorMessage>Invalid DSM-IV code. The second character of DSM-IV code must = 9 if the first character = 2.</ErrorMessage>
	</Error>
	<Error>
		<ErrorID>001750</ErrorID>
		<ErrorMessage>Invalid DSM-IV code. The second character of DSM-IV code must = 0, 1, 2, 3 or 4 if the first character = 3.</ErrorMessage>
	</Error>
	<Error>
		<ErrorID>001760</ErrorID>
		<ErrorMessage>Invalid DSM-IV code. The second character of DSM-IV code must = 0 or 2 if the first character = 6.</ErrorMessage>
	</Error>
	<Error>
		<ErrorID>001770</ErrorID>
		<ErrorMessage>Invalid DSM-IV code. The second character of DSM-IV code must = 8 or 9 if the first character = 7.</ErrorMessage>
	</Error>
	<Error>
		<ErrorID>001780</ErrorID>
		<ErrorMessage>Invalid DSM-IV code. The second character of DSM-IV code must = 9 if the first character = 9.</ErrorMessage>
	</Error>
	<Error>
		<ErrorID>001790</ErrorID>
		<ErrorMessage>Invalid DSM-IV code. The second character of DSM-IV code must = 1, 6 or 7 if the first character = V.</ErrorMessage>
	</Error>
	<Error>
		<ErrorID>001800</ErrorID>
		<ErrorMessage>Invalid Service Interruption Start Date. Start Date must be &gt;= CC1 Date Stay Began.</ErrorMessage>
	</Error>
	<Error>
		<ErrorID>001810</ErrorID>
		<ErrorMessage>Invalid X90 Reason for Discharge. X90 must = 2 or 3 when P5 = 15.</ErrorMessage>
	</Error>
	<Error>
		<ErrorID>001821</ErrorID>
		<ErrorMessage>Missing I11 Medical Diagnosis. One of I11a-m Medical Diagnoses or Other Medical Diagnoses must be specified if Q1q Psychiatric Diagnostic Category Not Applicable = 1 AND CC2h Reason for Admission - Forensic Assessment NOT = 1.</ErrorMessage>
	</Error>
	<Error>
		<ErrorID>001830</ErrorID>
		<ErrorMessage>Invalid X130 Total Days Away From Bed. Total Days Away From Bed on Full Adimission and Short Stay must be less than or equal to the number of days between CC1 Date Stay Began and A1 Assessment Reference Date.</ErrorMessage>
	</Error>
	<Error>
		<ErrorID>001840</ErrorID>
		<ErrorMessage>AA2 Health Card Number must be blank when X4 Health Card Number Status = 8 or 9.</ErrorMessage>
	</Error>
	<Error>
		<ErrorID>001850</ErrorID>
		<ErrorMessage>Invalid X8 Date Admitted to Mental Health Bed. X8 must be &gt;= CC1 Date Stay Began.</ErrorMessage>
	</Error>
	<Error>
		<ErrorID>001860</ErrorID>
		<ErrorMessage>X7 Primary Diagnosis must be blank when Q2a AXIS I or Q2d AXIS II DSM-IV code is blank.</ErrorMessage>
	</Error>
	<Error>
		<ErrorID>001870</ErrorID>
		<ErrorMessage>Invalid CC1 Date Stay Began. CC1 must &gt;= X80 Discharge Date of the most recent previous episode with matching X30 Chart Number and AA4 Facility Number.</ErrorMessage>
	</Error>
	<Error>
		<ErrorID>001880</ErrorID>
		<ErrorMessage>Invalid A1 Assessment Reference Date. Assessment Reference Date must be &gt;= A1 Assessment Reference Date of  the associated Admission record (same AA4 Facility Number, X30 Chart Number and AA3 Case Record Number).</ErrorMessage>
	</Error>
	<Error>
		<ErrorID>001890</ErrorID>
		<ErrorMessage>Invalid X130 Total Days Away From Bed. Total Days Away From Bed must be less than or equal to the number of days between the Discharge Date of the patient&apos;s current and the Assessment Reference Date of last assessment.</ErrorMessage>
	</Error>

</OMHRSErrors>