<?xml version="1.0" encoding="UTF-8"?>
<OMHRSRules xmlns:xsi="http://www.w3.org/2001/XMLSchema-instance" xsi:schemaLocation="http://www.cihi.ca/OMHRS Rule.xsd" xmlns="http://www.cihi.ca/OMHRS">

	<!--
	*	OMHRS Rules
	*	Release 2011_1.0
	*	CIHI
	-->


	<!--
	*	Patient key: 	AA4 Facility Number, X30 Chart Number
	*	Episode key: 	AA4 Facility Number, X30 Chart Number, AA3 Case Record Number
	*	Assessment key: 	AA4 Facility Number, X30 Chart Number, AA3 Case Record Number, A1 Assessment Reference Date
	*	Record Key: 	AA4 Facility Number, X1 Record ID
	-->


	<Rule>
		<RuleID>00010</RuleID>
		<RuleLevel>Element level</RuleLevel>
		<RuleDefinition>IF DD2 Number of Psych Admits (lifetime) = 0  THEN DD1 Number of Psych Admits (recent) must = 0</RuleDefinition>
		<ResultOfFailure>reject record</ResultOfFailure>
		<ErrorID>000520</ErrorID>
		<ElementName>NumberOfPsychAdmitsRecent</ElementName>
	</Rule>
	<Rule>
		<RuleID>00020</RuleID>
		<RuleLevel>Element level</RuleLevel>
		<RuleDefinition>IF BB6g Income - No Income = 1 THEN BB6a must = 0</RuleDefinition>
		<ResultOfFailure>reject record</ResultOfFailure>
		<ErrorID>000460</ErrorID>
		<ElementName>IncomeEmployment</ElementName>
	</Rule>
	<Rule>
		<RuleID>00030</RuleID>
		<RuleLevel>Element level</RuleLevel>
		<RuleDefinition>IF BB6g Income - No Income = 1 THEN BB6b must = 0</RuleDefinition>
		<ResultOfFailure>reject record</ResultOfFailure>
		<ErrorID>000460</ErrorID>
		<ElementName>IncomeEmploymentInsurance</ElementName>
	</Rule>
	<Rule>
		<RuleID>00040</RuleID>
		<RuleLevel>Element level</RuleLevel>
		<RuleDefinition>IF BB6g Income - No Income = 1 THEN BB6c must = 0</RuleDefinition>
		<ResultOfFailure>reject record</ResultOfFailure>
		<ErrorID>000460</ErrorID>
		<ElementName>IncomePension</ElementName>
	</Rule>
	<Rule>
		<RuleID>00050</RuleID>
		<RuleLevel>Element level</RuleLevel>
		<RuleDefinition>IF BB6g Income - No Income = 1 THEN BB6d must = 0</RuleDefinition>
		<ResultOfFailure>reject record</ResultOfFailure>
		<ErrorID>000460</ErrorID>
		<ElementName>IncomeSocialAssistance</ElementName>
	</Rule>
	<Rule>
		<RuleID>00060</RuleID>
		<RuleLevel>Element level</RuleLevel>
		<RuleDefinition>IF BB6g Income - No Income = 1 THEN BB6e must = 0</RuleDefinition>
		<ResultOfFailure>reject record</ResultOfFailure>
		<ErrorID>000460</ErrorID>
		<ElementName>IncomeDisabilityInsurance</ElementName>
	</Rule>
	<Rule>
		<RuleID>00070</RuleID>
		<RuleLevel>Element level</RuleLevel>
		<RuleDefinition>IF BB6g Income - No Income = 1 THEN BB6f must = 0</RuleDefinition>
		<ResultOfFailure>reject record</ResultOfFailure>
		<ErrorID>000460</ErrorID>
		<ElementName>IncomeOther</ElementName>
	</Rule>
	<Rule>
		<RuleID>00080</RuleID>
		<RuleLevel>Element level</RuleLevel>
		<RuleDefinition>IF any of (BB6a-BB6f) =1 THEN BB6g Income - No Income must = 0</RuleDefinition>
		<ResultOfFailure>reject record</ResultOfFailure>
		<ErrorID>000480</ErrorID>
		<ElementName>IncomeNoIncome</ElementName>
	</Rule>
	<Rule>
		<RuleID>00090</RuleID>
		<RuleLevel>Element level</RuleLevel>
		<RuleDefinition>BB2 Birthdate must be &lt;= CC1 Date Stay Began</RuleDefinition>
		<ResultOfFailure>reject record</ResultOfFailure>
		<ErrorID>000440</ErrorID>
		<ElementName>BirthDate</ElementName>
	</Rule>
	<Rule>
		<RuleID>00100</RuleID>
		<RuleLevel>Element level</RuleLevel>
		<RuleDefinition>CC1 Date Stay Began &lt;= A1 Assessment Reference Date</RuleDefinition>
		<ResultOfFailure>reject record</ResultOfFailure>
		<ErrorID>000490</ErrorID>
		<ElementName>DateStayBeganAdmissionDate</ElementName>
	</Rule>
	<Rule>
		<RuleID>00110</RuleID>
		<RuleLevel>Element level</RuleLevel>
		<RuleDefinition>IF G1b Walking = 6 or 8 AND G1c Wheeling = 6 or 8 THEN E1a Wandering must = 0</RuleDefinition>
		<ResultOfFailure>reject record</ResultOfFailure>
		<ErrorID>000650</ErrorID>
		<ElementName>BehaviourSymptomsWandering</ElementName>
	</Rule>
	<Rule>
		<RuleID>00120</RuleID>
		<RuleLevel>Element level</RuleLevel>
		<RuleDefinition>If I8a Pain Frequency = 0 THEN I8b Pain Intensity must = 0</RuleDefinition>
		<ResultOfFailure>reject record</ResultOfFailure>
		<ErrorID>000720</ErrorID>
		<ElementName>PainIntensity</ElementName>
	</Rule>
	<Rule>
		<RuleID>00130</RuleID>
		<RuleLevel>Element level</RuleLevel>
		<RuleDefinition>If I8b Pain Intensity = 0 THEN I8a Pain Frequency must = 0</RuleDefinition>
		<ResultOfFailure>reject record</ResultOfFailure>
		<ErrorID>000710</ErrorID>
		<ElementName>PainFrequency</ElementName>
	</Rule>
	<Rule>
		<RuleID>00150</RuleID>
		<RuleLevel>Element level</RuleLevel>
		<RuleDefinition>IF DD3 Time Since Last Discharge = 8 THEN DD1 Num Psych Admits (recent) must = 0</RuleDefinition>
		<ResultOfFailure>reject record</ResultOfFailure>
		<ErrorID>000530</ErrorID>
		<ElementName>NumberOfPsychAdmitsRecent</ElementName>
	</Rule>
	<Rule>
		<RuleID>00160</RuleID>
		<RuleLevel>Element level</RuleLevel>
		<RuleDefinition>IF DD3 Time Since Last Discharge = 8 THEN DD2 Num Psych Admits (lifetime) must = 0</RuleDefinition>
		<ResultOfFailure>reject record</ResultOfFailure>
		<ErrorID>000550</ErrorID>
		<ElementName>NumberOfPsychAdmitsLifetime</ElementName>
	</Rule>
	<Rule>
		<RuleID>00170</RuleID>
		<RuleLevel>Element level</RuleLevel>
		<RuleDefinition>IF DD2 Num Psych Admits (lifetime) = 0 THEN DD3 Time Since Last Discharge must = 8</RuleDefinition>
		<ResultOfFailure>reject record</ResultOfFailure>
		<ErrorID>000560</ErrorID>
		<ElementName>TimeSinceLastDischarge</ElementName>
	</Rule>
	<Rule>
		<RuleID>00181</RuleID>
		<RuleLevel>Element level</RuleLevel>
		<RuleDefinition>IF CC4a Admitted From =  13 THEN CC3 Who Lived with at Admission must = 6</RuleDefinition>
		<ResultOfFailure>reject record</ResultOfFailure>
		<ErrorID>000511</ErrorID>
		<ElementName>WhoLivedWithAtAdmission</ElementName>
	</Rule>
	<Rule>
		<RuleID>00192</RuleID>
		<RuleLevel>Element level</RuleLevel>
		<RuleDefinition>IF Z1 Record Type = 3 (Full Admission) or 7 (Short Stay) and any of (A3a Status at Time of Admission, A3b Status at Time of Assessment) = 5 THEN CC2f Reason for Admission - Justice System must = 1 or CC2h Reason for Admission - Forensic Assessment must = 1.</RuleDefinition>
		<ResultOfFailure>reject record</ResultOfFailure>
		<ErrorID>000502</ErrorID>
		<ElementName>ReasonForAdmissionJusticeSystem</ElementName>
		<ElementName>ReasonForAdmissionForensicAssessment</ElementName>
	</Rule>
	<Rule>
		<RuleID>00201</RuleID>
		<RuleLevel>Element level</RuleLevel>
		<RuleDefinition>IF all of (J1a-J1p) = 0 THEN J2 Life Event Causes Sense of Horror or Intense Fear must = 0</RuleDefinition>
		<ResultOfFailure>reject record</ResultOfFailure>
		<ErrorID>000741</ErrorID>
		<ElementName>LifeEventCausesSenseOfHorrorOrIntenseFear</ElementName>
	</Rule>
	<Rule>
		<RuleID>00211</RuleID>
		<RuleLevel>Element level</RuleLevel>
		<RuleDefinition>IF D1a Self-Injury - Most Recent Attempt = 0 THEN D1b Self-Injury - Intent must = 8</RuleDefinition>
		<ResultOfFailure>reject record</ResultOfFailure>
		<ErrorID>000641</ErrorID>
		<ElementName>IntentOfAnySelfInjuriousAttemptWasToKillHimherself</ElementName>
	</Rule>
	<Rule>
		<RuleID>00230</RuleID>
		<RuleLevel>Element level</RuleLevel>
		<RuleDefinition>I9 Bladder Continence &lt;&gt;  8</RuleDefinition>
		<ResultOfFailure>accept with flag</ResultOfFailure>
		<ErrorID>000730</ErrorID>
		<ElementName>BladderContinence</ElementName>
	</Rule>
	<Rule>
		<RuleID>00240</RuleID>
		<RuleLevel>Element level</RuleLevel>
		<RuleDefinition>G1d ADL - Toilet Use &lt;&gt;  8</RuleDefinition>
		<ResultOfFailure>accept with flag</ResultOfFailure>
		<ErrorID>000670</ErrorID>
		<ElementName>ADLToiletUse</ElementName>
	</Rule>
	<Rule>
		<RuleID>00250</RuleID>
		<RuleLevel>Element level</RuleLevel>
		<RuleDefinition>G1e ADL - Eating &lt;&gt; 8</RuleDefinition>
		<ResultOfFailure>accept with flag</ResultOfFailure>
		<ErrorID>000680</ErrorID>
		<ElementName>ADLEating</ElementName>
	</Rule>
	<Rule>
		<RuleID>00260</RuleID>
		<RuleLevel>Element level</RuleLevel>
		<RuleDefinition>1st character must not = D, F, I, O, Q, U, W</RuleDefinition>
		<ResultOfFailure>reject record</ResultOfFailure>
		<ErrorID>001000</ErrorID>
		<ElementName>PostalCodeOfPatientsResidence</ElementName>
	</Rule>
	<Rule>
		<RuleID>00271</RuleID>
		<RuleLevel>Element level</RuleLevel>
		<RuleDefinition>IF X20 Province/Territory Issuing Health Card Number = NT THEN AA2 Health Card Number must be 1 alpha (N, M, T, D or H) plus 7 numeric AND adhere to mod 10 check digit validations OR blank</RuleDefinition>
		<ResultOfFailure>reject record</ResultOfFailure>
		<ErrorID>000410</ErrorID>
		<ElementName>HealthCardNumber</ElementName>
	</Rule>
	<Rule>
		<RuleID>00281</RuleID>
		<RuleLevel>Element level</RuleLevel>
		<RuleDefinition>IF X20 Province/Territory Issuing Health Card Number = ON THEN AA2 Health Card Number must be 10 numeric plus 1 or 2 alpha or numeric version code AND adhere to mod 10 check digit validations OR 10 numeric AND adhere to mod 10 check digit validations OR blank</RuleDefinition>
		<ResultOfFailure>reject record</ResultOfFailure>
		<ErrorID>000410</ErrorID>
		<ElementName>HealthCardNumber</ElementName>
	</Rule>
	<Rule>
		<RuleID>00292</RuleID>
		<RuleLevel>Element level</RuleLevel>
		<RuleDefinition>IF X20 Province/Territory Issuing Health Card Number = BC THEN AA2 Health Card Number must be 10 numeric AND adhere to the following validations OR blank.

The validation is done using the first 10 digits only, with the 10th digit as the check digit.
Add together the values of:
2nd digit of HCN times 2 +
3rd digit of HCN times 4 +
4th digit of HCN times 8 +
5th digit of HCN times 5 +
6th digit of HCN times 10 +
7th digit of HCN times 9 +
8th digit of HCN times 7 +
9th digit of HCN times 3 
Divide the total by 11 giving a remainder, the 10th digit of HCN must = 11 - remainder</RuleDefinition>
		<ResultOfFailure>reject record</ResultOfFailure>
		<ErrorID>000410</ErrorID>
		<ElementName>HealthCardNumber</ElementName>
	</Rule>
	<Rule>
		<RuleID>00302</RuleID>
		<RuleLevel>Element level</RuleLevel>
		<RuleDefinition>IF X20 Province/Territory Issuing Health Card Number = AB THEN AA2 Health Card Number must be 9 numeric AND adhere to the following validations OR blank.

The Alberta HCN is 9 numeric digits, the 5th digit is the check digit. The algorithm for validating the HCN involves two tables - table A and table B.
Table A is 0246813579
Table B is 0987654321
Add together the values of :
1st digit of HCN +
3rd digit of HCN +
6h digit of HCN +
8th digit of HCN +
Table A value at position (value of 2nd digit of HCN + 1) +
Table A value at position (value of 4th digit of HCN +1) +
Table A value at position (value of 7th digit of HCN +1) +
Table A value at position (value of 9th digit of HCN + 1) 
Divide that total by 10, giving a remainder, the 5th digit of HCN must = Table B value at position (remainder + 1)</RuleDefinition>
		<ResultOfFailure>reject record</ResultOfFailure>
		<ErrorID>000410</ErrorID>
		<ElementName>HealthCardNumber</ElementName>
	</Rule>
	<Rule>
		<RuleID>00311</RuleID>
		<RuleLevel>Element level</RuleLevel>
		<RuleDefinition>IF X20 Province/Territory Issuing Health Card Number = SK THEN AA2 Health Card Number must be 9 numeric OR blank</RuleDefinition>
		<ResultOfFailure>reject record</ResultOfFailure>
		<ErrorID>000410</ErrorID>
		<ElementName>HealthCardNumber</ElementName>
	</Rule>
	<Rule>
		<RuleID>00321</RuleID>
		<RuleLevel>Element level</RuleLevel>
		<RuleDefinition>IF X20 Province/Territory Issuing Health Card Number = YT THEN AA2 Health Card Number must be 9 numeric AND adhere to mod 10 check digit validations OR blank</RuleDefinition>
		<ResultOfFailure>reject record</ResultOfFailure>
		<ErrorID>000410</ErrorID>
		<ElementName>HealthCardNumber</ElementName>
	</Rule>
	<Rule>
		<RuleID>00331</RuleID>
		<RuleLevel>Element level</RuleLevel>
		<RuleDefinition>IF X20 Province/Territory Issuing Health Card Number = QC THEN AA2 Health Card Number must be 4 alpha plus 8 numeric OR blank</RuleDefinition>
		<ResultOfFailure>reject record</ResultOfFailure>
		<ErrorID>000410</ErrorID>
		<ElementName>HealthCardNumber</ElementName>
	</Rule>
	<Rule>
		<RuleID>00341</RuleID>
		<RuleLevel>Element level</RuleLevel>
		<RuleDefinition>IF X20 Province/Territory Issuing Health Card Number = NB THEN AA2 Health Card Number must be 9 numeric AND adhere to mod 10 calculation to the first 8 digits, using the 9th digit as the check digit OR blank</RuleDefinition>
		<ResultOfFailure>reject record</ResultOfFailure>
		<ErrorID>000410</ErrorID>
		<ElementName>HealthCardNumber</ElementName>
	</Rule>
	<Rule>
		<RuleID>00351</RuleID>
		<RuleLevel>Element level</RuleLevel>
		<RuleDefinition>IF X20 Province/Territory Issuing Health Card Number = NS THEN AA2 Health Card Number must be 10 numeric AND adhere to mod 10 check digit validations OR blank</RuleDefinition>
		<ResultOfFailure>reject record</ResultOfFailure>
		<ErrorID>000410</ErrorID>
		<ElementName>HealthCardNumber</ElementName>
	</Rule>
	<Rule>
		<RuleID>00361</RuleID>
		<RuleLevel>Element level</RuleLevel>
		<RuleDefinition>IF X20 Province/Territory Issuing Health Card Number = PE THEN AA2 Health Card Number must be 8 numeric AND adhere to mod 10 check digit validations OR blank</RuleDefinition>
		<ResultOfFailure>reject record</ResultOfFailure>
		<ErrorID>000410</ErrorID>
		<ElementName>HealthCardNumber</ElementName>
	</Rule>
	<Rule>
		<RuleID>00371</RuleID>
		<RuleLevel>Element level</RuleLevel>
		<RuleDefinition>IF X20 Province/Territory Issuing Health Card Number = NL THEN AA2 Health Card Number must be 12 numeric AND adhere to mod 10 check digit validations OR blank</RuleDefinition>
		<ResultOfFailure>reject record</ResultOfFailure>
		<ErrorID>000410</ErrorID>
		<ElementName>HealthCardNumber</ElementName>
	</Rule>
	<Rule>
		<RuleID>00381</RuleID>
		<RuleLevel>Element level</RuleLevel>
		<RuleDefinition>IF X20 Province/Territory Issuing Health Card Number = NU THEN AA2 Health Card Number must be 9 numeric AND adhere to the following validations OR blank.

The Nunavut HCN is  a 1 followed by 8 numeric digits that are a mod 10 check-digited number and the 9th digit must be 3 – 8.</RuleDefinition>
		<ResultOfFailure>reject record</ResultOfFailure>
		<ErrorID>000410</ErrorID>
		<ElementName>HealthCardNumber</ElementName>
	</Rule>
	<Rule>
		<RuleID>00390</RuleID>
		<RuleLevel>Element level</RuleLevel>
		<RuleDefinition>1st character must not = D, F, I, O, Q, U, W</RuleDefinition>
		<ResultOfFailure>reject record</ResultOfFailure>
		<ErrorID>001000</ErrorID>
		<ElementName>PostalCode</ElementName>
	</Rule>
	<Rule>
		<RuleID>00400</RuleID>
		<RuleLevel>Element level</RuleLevel>
		<RuleDefinition>X100A Service Interruption Start Date must be &lt;= X110A Service Interruption End Date</RuleDefinition>
		<ResultOfFailure>reject record</ResultOfFailure>
		<ErrorID>000870</ErrorID>
		<ElementName>ServiceInterruptionEndDateA</ElementName>
	</Rule>
	<Rule>
		<RuleID>00410</RuleID>
		<RuleLevel>Element level</RuleLevel>
		<RuleDefinition>X100B Service Interruption Start Date must be &lt;= X110B Service Interruption End Date</RuleDefinition>
		<ResultOfFailure>reject record</ResultOfFailure>
		<ErrorID>000870</ErrorID>
		<ElementName>ServiceInterruptionEndDateB</ElementName>
	</Rule>
	<Rule>
		<RuleID>00420</RuleID>
		<RuleLevel>Element level</RuleLevel>
		<RuleDefinition>X100C Service Interruption Start Date must be &lt;= X110C Service Interruption End Date</RuleDefinition>
		<ResultOfFailure>reject record</ResultOfFailure>
		<ErrorID>000870</ErrorID>
		<ElementName>ServiceInterruptionEndDateC</ElementName>
	</Rule>
	<Rule>
		<RuleID>00430</RuleID>
		<RuleLevel>Element level</RuleLevel>
		<RuleDefinition>(X110C-X100C + X110B-X100B + X110A - X100A) must be &lt;= X130</RuleDefinition>
		<ResultOfFailure>reject record</ResultOfFailure>
		<ErrorID>000890</ErrorID>
		<ElementName>TotalDaysAwayFromBed</ElementName>
	</Rule>
	<Rule>
		<RuleID>00441</RuleID>
		<RuleLevel>Element level</RuleLevel>
		<RuleDefinition>IF CC4a - Admitted From = any of (7, 9, 10, 12) THEN X65 Referred From Facility # must not be blank</RuleDefinition>
		<ResultOfFailure>reject record</ResultOfFailure>
		<ErrorID>000841</ErrorID>
		<ElementName>ReferredFromFacilityNumber</ElementName>
	</Rule>
	<Rule>
		<RuleID>00451</RuleID>
		<RuleLevel>Element level</RuleLevel>
		<RuleDefinition>IF Z1 Record type = 5 (Discharge) or 7 (Short Stay) AND P5 Discharge To = any of (7, 9, 10, 12) THEN X140 Discharged to Facility # must not be blank</RuleDefinition>
		<ResultOfFailure>reject record</ResultOfFailure>
		<ErrorID>000901</ErrorID>
		<ElementName>DischargedToFacilityNumber</ElementName>
	</Rule>
	<Rule>
		<RuleID>00461</RuleID>
		<RuleLevel>Element level</RuleLevel>
		<RuleDefinition>IF X90 Discharge Reason = 2 or 3 THEN P5 Discharge To must = 15</RuleDefinition>
		<ResultOfFailure>reject record</ResultOfFailure>
		<ErrorID>000771</ErrorID>
		<ElementName>DischargedTo</ElementName>
	</Rule>
	<Rule>
		<RuleID>00470</RuleID>
		<RuleLevel>Element level</RuleLevel>
		<RuleDefinition>IF X50i Responsibility for Payment - Unknown = 1 THEN X50a must = 0</RuleDefinition>
		<ResultOfFailure>reject record</ResultOfFailure>
		<ErrorID>000820</ErrorID>
		<ElementName>ResponsibilityForPaymentProvinceTerritorialResponsibility</ElementName>
	</Rule>
	<Rule>
		<RuleID>00480</RuleID>
		<RuleLevel>Element level</RuleLevel>
		<RuleDefinition>IF X50i Responsibility for Payment - Unknown = 1 THEN X50b must = 0</RuleDefinition>
		<ResultOfFailure>reject record</ResultOfFailure>
		<ErrorID>000820</ErrorID>
		<ElementName>ResponsibilityForPaymentWorkersCompensationBoardWCBWSIB</ElementName>
	</Rule>
	<Rule>
		<RuleID>00490</RuleID>
		<RuleLevel>Element level</RuleLevel>
		<RuleDefinition>IF X50i Responsibility for Payment - Unknown = 1 THEN X50c must = 0</RuleDefinition>
		<ResultOfFailure>reject record</ResultOfFailure>
		<ErrorID>000820</ErrorID>
		<ElementName>ResponsibilityForPaymentOtherProvinceTerritoryResidentOfCanada</ElementName>
	</Rule>
	<Rule>
		<RuleID>00500</RuleID>
		<RuleLevel>Element level</RuleLevel>
		<RuleDefinition>IF X50i Responsibility for Payment - Unknown = 1 THEN  X50d must = 0</RuleDefinition>
		<ResultOfFailure>reject record</ResultOfFailure>
		<ErrorID>000820</ErrorID>
		<ElementName>ResponsibilityForPaymentDeptOfVeteranAffairsDVA</ElementName>
	</Rule>
	<Rule>
		<RuleID>00510</RuleID>
		<RuleLevel>Element level</RuleLevel>
		<RuleDefinition>IF X50i Responsibility for Payment - Unknown = 1 THEN X50e must = 0</RuleDefinition>
		<ResultOfFailure>reject record</ResultOfFailure>
		<ErrorID>000820</ErrorID>
		<ElementName>ResponsibilityForPaymentFirstNationalAndInuitHealthBranchFNIHB</ElementName>
	</Rule>
	<Rule>
		<RuleID>00520</RuleID>
		<RuleLevel>Element level</RuleLevel>
		<RuleDefinition>IF X50i Responsibility for Payment - Unknown = 1 THEN X50f must = 0</RuleDefinition>
		<ResultOfFailure>reject record</ResultOfFailure>
		<ErrorID>000820</ErrorID>
		<ElementName>ResponsibilityForPaymentOtherRCMPCanadianArmedForcesFederalPenitentiaryInmateRefugee</ElementName>
	</Rule>
	<Rule>
		<RuleID>00530</RuleID>
		<RuleLevel>Element level</RuleLevel>
		<RuleDefinition>IF X50i Responsibility for Payment - Unknown = 1 THEN X50g must = 0</RuleDefinition>
		<ResultOfFailure>reject record</ResultOfFailure>
		<ErrorID>000820</ErrorID>
		<ElementName>ResponsibilityForPaymentCdnResidentSelfPay</ElementName>
	</Rule>
	<Rule>
		<RuleID>00540</RuleID>
		<RuleLevel>Element level</RuleLevel>
		<RuleDefinition>IF X50i Responsibility for Payment - Unknown = 1 THEN X50h must = 0</RuleDefinition>
		<ResultOfFailure>reject record</ResultOfFailure>
		<ErrorID>000820</ErrorID>
		<ElementName>ResponsibilityForPaymentOtherCountrySelfPay</ElementName>
	</Rule>
	<Rule>
		<RuleID>00550</RuleID>
		<RuleLevel>Element level</RuleLevel>
		<RuleDefinition>IF any of (X50a-h) = 1 THEN X50i Responsibility for Payment - Unknown must = 0</RuleDefinition>
		<ResultOfFailure>reject record</ResultOfFailure>
		<ErrorID>000830</ErrorID>
		<ElementName>ResponsibilityForPaymentUnknown</ElementName>
	</Rule>
	<Rule>
		<RuleID>00571</RuleID>
		<RuleLevel>Element level</RuleLevel>
		<RuleDefinition>IF X20 Province/territory issuing Health Card Number  = -90 THEN X4 Health Card Number Status must = 9</RuleDefinition>
		<ResultOfFailure>reject record</ResultOfFailure>
		<ErrorID>000421</ErrorID>
		<ElementName>HCNStatus</ElementName>
	</Rule>
	<Rule>
		<RuleID>00581</RuleID>
		<RuleLevel>Element level</RuleLevel>
		<RuleDefinition>IF X20 Province/territory issuing Health Card Number  = -70 THEN X4 Health Card Number Status must = 8</RuleDefinition>
		<ResultOfFailure>reject record</ResultOfFailure>
		<ErrorID>000431</ErrorID>
		<ElementName>HCNStatus</ElementName>
	</Rule>
	<Rule>
		<RuleID>00590</RuleID>
		<RuleLevel>Element level</RuleLevel>
		<RuleDefinition>Only one of Q1a-Q1q may = 1</RuleDefinition>
		<ResultOfFailure>reject record</ResultOfFailure>
		<ErrorID>000780</ErrorID>
		<ElementName>DSMDisorderOfChildhood</ElementName>
		<ElementName>DSMDeliriumDementiaAmnesticOtherCogDisorder</ElementName>
		<ElementName>DSMMentalDisorderDueToMedicalCond</ElementName>
		<ElementName>DSMSubstanceRelatedDisorder</ElementName>
		<ElementName>DSMSchizophreniaOtherPsychoticDisorder</ElementName>
		<ElementName>DSMMoodDisorder</ElementName>
		<ElementName>DSMAnxietyDisorder</ElementName>
		<ElementName>DSMSomatoformDisorder</ElementName>
		<ElementName>DSMFactitiousDisorder</ElementName>
		<ElementName>DSMDissociativeDisorder</ElementName>
		<ElementName>DSMSexualGenderIdentityDisorder</ElementName>
		<ElementName>DSMEatingDisorder</ElementName>
		<ElementName>DSMSleepDisorder</ElementName>
		<ElementName>DSMImpulseControlDisorder</ElementName>
		<ElementName>DSMAdjustmentDisorder</ElementName>
		<ElementName>DSMPersonalityDisorder</ElementName>
		<ElementName>DSMNotApplicable</ElementName>
	</Rule>
	<Rule>
		<RuleID>00600</RuleID>
		<RuleLevel>Element level</RuleLevel>
		<RuleDefinition>only one of Q1a-Q1p may = 2</RuleDefinition>
		<ResultOfFailure>reject record</ResultOfFailure>
		<ErrorID>000790</ErrorID>
		<ElementName>DSMDisorderOfChildhood</ElementName>
		<ElementName>DSMDeliriumDementiaAmnesticOtherCogDisorder</ElementName>
		<ElementName>DSMMentalDisorderDueToMedicalCond</ElementName>
		<ElementName>DSMSubstanceRelatedDisorder</ElementName>
		<ElementName>DSMSchizophreniaOtherPsychoticDisorder</ElementName>
		<ElementName>DSMMoodDisorder</ElementName>
		<ElementName>DSMAnxietyDisorder</ElementName>
		<ElementName>DSMSomatoformDisorder</ElementName>
		<ElementName>DSMFactitiousDisorder</ElementName>
		<ElementName>DSMDissociativeDisorder</ElementName>
		<ElementName>DSMSexualGenderIdentityDisorder</ElementName>
		<ElementName>DSMEatingDisorder</ElementName>
		<ElementName>DSMSleepDisorder</ElementName>
		<ElementName>DSMImpulseControlDisorder</ElementName>
		<ElementName>DSMAdjustmentDisorder</ElementName>
		<ElementName>DSMPersonalityDisorder</ElementName>
	</Rule>
	<Rule>
		<RuleID>00610</RuleID>
		<RuleLevel>Element level</RuleLevel>
		<RuleDefinition>only one of Q1a-Q1p may = 3</RuleDefinition>
		<ResultOfFailure>reject record</ResultOfFailure>
		<ErrorID>000800</ErrorID>
		<ElementName>DSMDisorderOfChildhood</ElementName>
		<ElementName>DSMDeliriumDementiaAmnesticOtherCogDisorder</ElementName>
		<ElementName>DSMMentalDisorderDueToMedicalCond</ElementName>
		<ElementName>DSMSubstanceRelatedDisorder</ElementName>
		<ElementName>DSMSchizophreniaOtherPsychoticDisorder</ElementName>
		<ElementName>DSMMoodDisorder</ElementName>
		<ElementName>DSMAnxietyDisorder</ElementName>
		<ElementName>DSMSomatoformDisorder</ElementName>
		<ElementName>DSMFactitiousDisorder</ElementName>
		<ElementName>DSMDissociativeDisorder</ElementName>
		<ElementName>DSMSexualGenderIdentityDisorder</ElementName>
		<ElementName>DSMEatingDisorder</ElementName>
		<ElementName>DSMSleepDisorder</ElementName>
		<ElementName>DSMImpulseControlDisorder</ElementName>
		<ElementName>DSMAdjustmentDisorder</ElementName>
		<ElementName>DSMPersonalityDisorder</ElementName>
	</Rule>
	<Rule>
		<RuleID>00631</RuleID>
		<RuleLevel>Element level</RuleLevel>
		<RuleDefinition>1 day &lt;= (X110A Service Interruption End Date - X100A Service Interruption Start Date) &lt;= 90 days</RuleDefinition>
		<ResultOfFailure>reject record</ResultOfFailure>
		<ErrorID>000881</ErrorID>
		<ElementName>ServiceInterruptionEndDateA</ElementName>
	</Rule>
	<Rule>
		<RuleID>00641</RuleID>
		<RuleLevel>Element level</RuleLevel>
		<RuleDefinition>1 day &lt;= (X110B Service Interruption End Date - X100B Service Interruption Start Date) &lt;= 90 days</RuleDefinition>
		<ResultOfFailure>reject record</ResultOfFailure>
		<ErrorID>000881</ErrorID>
		<ElementName>ServiceInterruptionEndDateB</ElementName>
	</Rule>
	<Rule>
		<RuleID>00651</RuleID>
		<RuleLevel>Element level</RuleLevel>
		<RuleDefinition>1 day &lt;= (X110C Service Interruption End Date - X100C Service Interruption Start Date) &lt;= 90 days</RuleDefinition>
		<ResultOfFailure>reject record</ResultOfFailure>
		<ErrorID>000881</ErrorID>
		<ElementName>ServiceInterruptionEndDateC</ElementName>
	</Rule>
	<Rule>
		<RuleID>00660</RuleID>
		<RuleLevel>Element level</RuleLevel>
		<RuleDefinition>N1a Height &gt;= 91 or N1a Height &lt;= 213</RuleDefinition>
		<ResultOfFailure>accept with flag</ResultOfFailure>
		<ErrorID>000750</ErrorID>
		<ElementName>Height</ElementName>
	</Rule>
	<Rule>
		<RuleID>00670</RuleID>
		<RuleLevel>Element level</RuleLevel>
		<RuleDefinition>N1b Weight &gt;= 23 or N1b Weight &lt;= 200</RuleDefinition>
		<ResultOfFailure>accept with flag</ResultOfFailure>
		<ErrorID>000760</ErrorID>
		<ElementName>Weight</ElementName>
	</Rule>
	<Rule>
		<RuleID>00680</RuleID>
		<RuleLevel>Element level</RuleLevel>
		<RuleDefinition>IF DD1 Number of Psych Admits (recent) = 0 THEN DD4 Amount of Time Hospitalized must = 0</RuleDefinition>
		<ResultOfFailure>reject record</ResultOfFailure>
		<ErrorID>000570</ErrorID>
		<ElementName>AmountOfTimeHospitalized</ElementName>
	</Rule>
	<Rule>
		<RuleID>00690</RuleID>
		<RuleLevel>Element level</RuleLevel>
		<RuleDefinition>IF DD1 Number of Psych Admits (recent) &lt;&gt; 0 THEN DD4 Amount of Time Hospitalized must &lt;&gt;  0</RuleDefinition>
		<ResultOfFailure>reject record</ResultOfFailure>
		<ErrorID>000580</ErrorID>
		<ElementName>AmountOfTimeHospitalized</ElementName>
	</Rule>
	<Rule>
		<RuleID>00710</RuleID>
		<RuleLevel>Element level</RuleLevel>
		<RuleDefinition>IF Z1 Record Type = 4 (Quarterly) and X2 Submission Type = N or C THEN A2 Reason for Assessment must = 2</RuleDefinition>
		<ResultOfFailure>reject record</ResultOfFailure>
		<ErrorID>000600</ErrorID>
		<ElementName>ReasonForAssessment</ElementName>
	</Rule>
	<Rule>
		<RuleID>00720</RuleID>
		<RuleLevel>Element level</RuleLevel>
		<RuleDefinition>IF Z1 Record Type = 6 (Change in Status) and X2 Submission Type = N or C THEN A2 Reason for Assessment must = 4, 5, or 6</RuleDefinition>
		<ResultOfFailure>reject record</ResultOfFailure>
		<ErrorID>000610</ErrorID>
		<ElementName>ReasonForAssessment</ElementName>
	</Rule>
	<Rule>
		<RuleID>00730</RuleID>
		<RuleLevel>Element level</RuleLevel>
		<RuleDefinition>e-mail address must contain only one &apos;@&apos; symbol, at least one &apos;.&apos;(period), no &apos;,&apos; (comma) and must be at least 5 bytes long (a@b.c)</RuleDefinition>
		<ResultOfFailure>reject record</ResultOfFailure>
		<ErrorID>001010</ErrorID>
		<ElementName>AdministratorEmail</ElementName>
	</Rule>
	<Rule>
		<RuleID>00740</RuleID>
		<RuleLevel>Element level</RuleLevel>
		<RuleDefinition>e-mail address must contain only one &apos;@&apos; symbol, at least one &apos;.&apos;(period), no &apos;,&apos; (comma) and must be at least 5 bytes long (a@b.c)</RuleDefinition>
		<ResultOfFailure>reject record</ResultOfFailure>
		<ErrorID>001010</ErrorID>
		<ElementName>SiteCoordinatorEmail</ElementName>
	</Rule>
	<Rule>
		<RuleID>00750</RuleID>
		<RuleLevel>Element level</RuleLevel>
		<RuleDefinition>e-mail address must contain only one &apos;@&apos; symbol, at least one &apos;.&apos;(period), no &apos;,&apos; (comma) and must be at least 5 bytes long (a@b.c)</RuleDefinition>
		<ResultOfFailure>reject record</ResultOfFailure>
		<ErrorID>001010</ErrorID>
		<ElementName>DatabaseEmail</ElementName>
	</Rule>
	<Rule>
		<RuleID>00831</RuleID>
		<RuleLevel>Element level</RuleLevel>
		<RuleDefinition>IF P5 Discharge To  = any of (1-6, 8, 15) THEN X140 Discharged to Facility # must be blank</RuleDefinition>
		<ResultOfFailure>reject record</ResultOfFailure>
		<ErrorID>000921</ErrorID>
		<ElementName>DischargedToFacilityNumber</ElementName>
	</Rule>
	<Rule>
		<RuleID>00850</RuleID>
		<RuleLevel>Element level</RuleLevel>
		<RuleDefinition>IF Q1q = 1, THEN all of Q1a to Q1p must be blank</RuleDefinition>
		<ResultOfFailure>reject record</ResultOfFailure>
		<ErrorID>001540</ErrorID>
		<ElementName>DSMDisorderOfChildhood</ElementName>
		<ElementName>DSMDeliriumDementiaAmnesticOtherCogDisorder</ElementName>
		<ElementName>DSMMentalDisorderDueToMedicalCond</ElementName>
		<ElementName>DSMSubstanceRelatedDisorder</ElementName>
		<ElementName>DSMSchizophreniaOtherPsychoticDisorder</ElementName>
		<ElementName>DSMMoodDisorder</ElementName>
		<ElementName>DSMAnxietyDisorder</ElementName>
		<ElementName>DSMSomatoformDisorder</ElementName>
		<ElementName>DSMFactitiousDisorder</ElementName>
		<ElementName>DSMDissociativeDisorder</ElementName>
		<ElementName>DSMSexualGenderIdentityDisorder</ElementName>
		<ElementName>DSMEatingDisorder</ElementName>
		<ElementName>DSMSleepDisorder</ElementName>
		<ElementName>DSMImpulseControlDisorder</ElementName>
		<ElementName>DSMAdjustmentDisorder</ElementName>
		<ElementName>DSMPersonalityDisorder</ElementName>
	</Rule>
	<Rule>
		<RuleID>01000</RuleID>
		<RuleLevel>Element level</RuleLevel>
		<RuleDefinition>(CC1 Date Stay Began - BB2 Birthdate) must be &gt; 14 and &lt;115</RuleDefinition>
		<ResultOfFailure>accept with flag</ResultOfFailure>
		<ErrorID>000450</ErrorID>
		<ElementName>BirthDate</ElementName>
	</Rule>
	<Rule>
		<RuleID>01041</RuleID>
		<RuleLevel>Element level</RuleLevel>
		<RuleDefinition>IF D1a Self-Injury - Most Recent Attempt &lt;&gt; 0 THEN D1c Self-Injury - Considered must &lt;&gt; 0</RuleDefinition>
		<ResultOfFailure>reject record</ResultOfFailure>
		<ErrorID>000631</ErrorID>
		<ElementName>ConsideredPerformingASelfInjuriousAct</ElementName>
	</Rule>
	<Rule>
		<RuleID>01050</RuleID>
		<RuleLevel>Element level</RuleLevel>
		<RuleDefinition>IF DD4 Amount of Time Hospitalized = 0 THEN DD1 Number of psych Admits (recent) must = 0</RuleDefinition>
		<ResultOfFailure>reject record</ResultOfFailure>
		<ErrorID>000540</ErrorID>
		<ElementName>NumberOfPsychAdmitsRecent</ElementName>
	</Rule>
	<Rule>
		<RuleID>01060</RuleID>
		<RuleLevel>Element level</RuleLevel>
		<RuleDefinition>IF DD3 Time Since Last Discharge  = 8 THEN DD4 Amount of Time Hospitalized must = 0</RuleDefinition>
		<ResultOfFailure>reject record</ResultOfFailure>
		<ErrorID>000590</ErrorID>
		<ElementName>AmountOfTimeHospitalized</ElementName>
	</Rule>
	<Rule>
		<RuleID>01071</RuleID>
		<RuleLevel>Element level</RuleLevel>
		<RuleDefinition>IF X20 Province/Territory Issuing Health Card Number = MB THEN AA2 Health Card Number must be 9 numeric OR blank</RuleDefinition>
		<ResultOfFailure>reject record</ResultOfFailure>
		<ErrorID>000410</ErrorID>
		<ElementName>HealthCardNumber</ElementName>
	</Rule>
	<Rule>
		<RuleID>01080</RuleID>
		<RuleLevel>Record level</RuleLevel>
		<RuleDefinition>CC1 Date Stay Began must be &gt;= October 1, 2005 (start of Ontario mandate)</RuleDefinition>
		<ResultOfFailure>reject record</ResultOfFailure>
		<ErrorID>001170</ErrorID>
		<ElementName>DateStayBeganAdmissionDate</ElementName>
	</Rule>
	<Rule>
		<RuleID>01090</RuleID>
		<RuleLevel>Record level</RuleLevel>
		<RuleDefinition>A1 Assessment Reference Date must be &gt;= October 1, 2005 (start of Ontario mandate)</RuleDefinition>
		<ResultOfFailure>reject record</ResultOfFailure>
		<ErrorID>001100</ErrorID>
		<ElementName>AssessmentReferenceDate</ElementName>
	</Rule>
	<Rule>
		<RuleID>01100</RuleID>
		<RuleLevel>Element level</RuleLevel>
		<RuleDefinition>X100B Service Interruption Start Date B must be &gt; X110A Service Interruption End Date A</RuleDefinition>
		<ResultOfFailure>reject record</ResultOfFailure>
		<ErrorID>001030</ErrorID>
		<ElementName>ServiceInterruptionStartDateB</ElementName>
	</Rule>
	<Rule>
		<RuleID>01110</RuleID>
		<RuleLevel>Element level</RuleLevel>
		<RuleDefinition>X100C Service Interruption Start Date C must be &gt; X110B Service Interruption End Date B</RuleDefinition>
		<ResultOfFailure>reject record</ResultOfFailure>
		<ErrorID>001030</ErrorID>
		<ElementName>ServiceInterruptionStartDateC</ElementName>
	</Rule>
	<Rule>
		<RuleID>01130</RuleID>
		<RuleLevel>Element level</RuleLevel>
		<RuleDefinition>IF Z1 Record Type = 7 THEN X80 Discharge Date must be &gt;= CC1 Date Stay Began</RuleDefinition>
		<ResultOfFailure>reject record</ResultOfFailure>
		<ErrorID>001150</ErrorID>
		<ElementName>DischargeDate</ElementName>
	</Rule>
	<Rule>
		<RuleID>01140</RuleID>
		<RuleLevel>Element level</RuleLevel>
		<RuleDefinition>IF one of (X100A/B/C, X110A/B/C or X120A/B/C) is not blank THEN all of (X100A/B/C, X110A/B/C, X120A/B/C) must not be blank</RuleDefinition>
		<ResultOfFailure>reject record</ResultOfFailure>
		<ErrorID>001160</ErrorID>
		<ElementName>ServiceInterruptionStartDateA</ElementName>
		<ElementName>ServiceInterruptionEndDateA</ElementName>
		<ElementName>ServiceInterruptionReasonA</ElementName>
		<ElementName>ServiceInterruptionStartDateB</ElementName>
		<ElementName>ServiceInterruptionEndDateB</ElementName>
		<ElementName>ServiceInterruptionReasonB</ElementName>
		<ElementName>ServiceInterruptionStartDateC</ElementName>
		<ElementName>ServiceInterruptionEndDateC</ElementName>
		<ElementName>ServiceInterruptionReasonC</ElementName>
	</Rule>
	<Rule>
		<RuleID>01151</RuleID>
		<RuleLevel>Element level</RuleLevel>
		<RuleDefinition>For I11h-I11m, IF Other Medical Diagnoses code is not blank, then the code must be in the ICD10-CA diagnosis validation table</RuleDefinition>
		<ResultOfFailure>reject record</ResultOfFailure>
		<ErrorID>001181</ErrorID>
		<ElementName>ICD10CACode1</ElementName>
		<ElementName>ICD10CACode2</ElementName>
		<ElementName>ICD10CACode3</ElementName>
		<ElementName>ICD10CACode4</ElementName>
		<ElementName>ICD10CACode5</ElementName>
		<ElementName>ICD10CACode6</ElementName>
	</Rule>
	<Rule>
		<RuleID>01160</RuleID>
		<RuleLevel>Element level</RuleLevel>
		<RuleDefinition>FP3e Postal Code must be in ANANAN format with the alpha characters as upper case</RuleDefinition>
		<ResultOfFailure>reject record</ResultOfFailure>
		<ErrorID>001190</ErrorID>
		<ElementName>PostalCode</ElementName>
	</Rule>
	<Rule>
		<RuleID>01170</RuleID>
		<RuleLevel>Element level</RuleLevel>
		<RuleDefinition>X60 Postal Code of Patient&apos;s Residence must be one of (ANANAN, ANA,  -70,  -90) with the alpha characters as upper case</RuleDefinition>
		<ResultOfFailure>reject record</ResultOfFailure>
		<ErrorID>001200</ErrorID>
		<ElementName>PostalCodeOfPatientsResidence</ElementName>
	</Rule>
	<Rule>
		<RuleID>01231</RuleID>
		<RuleLevel>Element level</RuleLevel>
		<RuleDefinition>For I11h-I11m Other Medical Diagnoses, IF the diagnosis validation table identifies the diagnosis code as valid only for gender F, THEN BB1 Sex must = F</RuleDefinition>
		<ResultOfFailure>reject record</ResultOfFailure>
		<ErrorID>001221</ErrorID>
		<ElementName>ICD10CACode1</ElementName>
		<ElementName>ICD10CACode2</ElementName>
		<ElementName>ICD10CACode3</ElementName>
		<ElementName>ICD10CACode4</ElementName>
		<ElementName>ICD10CACode5</ElementName>
		<ElementName>ICD10CACode6</ElementName>
	</Rule>
	<Rule>
		<RuleID>01241</RuleID>
		<RuleLevel>Element level</RuleLevel>
		<RuleDefinition>For I11h-I11m Other Medical Diagnoses, IF the diagnosis validation table identifies the diagnosis code as valid only for gender M, THEN BB1 Sex must = M</RuleDefinition>
		<ResultOfFailure>reject record</ResultOfFailure>
		<ErrorID>001221</ErrorID>
		<ElementName>ICD10CACode1</ElementName>
		<ElementName>ICD10CACode2</ElementName>
		<ElementName>ICD10CACode3</ElementName>
		<ElementName>ICD10CACode4</ElementName>
		<ElementName>ICD10CACode5</ElementName>
		<ElementName>ICD10CACode6</ElementName>
	</Rule>
	<Rule>
		<RuleID>01251</RuleID>
		<RuleLevel>Element level</RuleLevel>
		<RuleDefinition>For I11h-I11m Other Medical Diagnoses, IF the diagnosis validation table identifies the diagnosis code as valid only for gender G, THEN BB1 Sex must =F or O</RuleDefinition>
		<ResultOfFailure>reject record</ResultOfFailure>
		<ErrorID>001221</ErrorID>
		<ElementName>ICD10CACode1</ElementName>
		<ElementName>ICD10CACode2</ElementName>
		<ElementName>ICD10CACode3</ElementName>
		<ElementName>ICD10CACode4</ElementName>
		<ElementName>ICD10CACode5</ElementName>
		<ElementName>ICD10CACode6</ElementName>
	</Rule>
	<Rule>
		<RuleID>01261</RuleID>
		<RuleLevel>Element level</RuleLevel>
		<RuleDefinition>For  I11h-I11m Other Medical Diagnoses, IF the diagnosis validation table identifies the diagnosis code as valid only for gender N, THEN BB1 Sex must =M or O</RuleDefinition>
		<ResultOfFailure>reject record</ResultOfFailure>
		<ErrorID>001221</ErrorID>
		<ElementName>ICD10CACode1</ElementName>
		<ElementName>ICD10CACode2</ElementName>
		<ElementName>ICD10CACode3</ElementName>
		<ElementName>ICD10CACode4</ElementName>
		<ElementName>ICD10CACode5</ElementName>
		<ElementName>ICD10CACode6</ElementName>
	</Rule>
	<Rule>
		<RuleID>01271</RuleID>
		<RuleLevel>Element level</RuleLevel>
		<RuleDefinition>The age at time of the assessment, in years, must fall within the minimum and maximum ages of the diagnosis validation table for the diagnosis code in I11h-I11m.</RuleDefinition>
		<ResultOfFailure>reject record</ResultOfFailure>
		<ErrorID>001221</ErrorID>
		<ElementName>ICD10CACode1</ElementName>
		<ElementName>ICD10CACode2</ElementName>
		<ElementName>ICD10CACode3</ElementName>
		<ElementName>ICD10CACode4</ElementName>
		<ElementName>ICD10CACode5</ElementName>
		<ElementName>ICD10CACode6</ElementName>
	</Rule>
	<Rule>
		<RuleID>01560</RuleID>
		<RuleLevel>Element level</RuleLevel>
		<RuleDefinition>IF all of BB6a-BB6f = 0 THEN BB6g must = 1</RuleDefinition>
		<ResultOfFailure>reject record</ResultOfFailure>
		<ErrorID>001360</ErrorID>
		<ElementName>IncomeNoIncome</ElementName>
	</Rule>
	<Rule>
		<RuleID>01570</RuleID>
		<RuleLevel>Element level</RuleLevel>
		<RuleDefinition>IF Service Interruption data elements X100B, X110B and X120B are not blank THEN any of X100A, X110A and X120A  must not be blank</RuleDefinition>
		<ResultOfFailure>reject record</ResultOfFailure>
		<ErrorID>001370</ErrorID>
		<ElementName>ServiceInterruptionStartDateA</ElementName>
		<ElementName>ServiceInterruptionEndDateA</ElementName>
		<ElementName>ServiceInterruptionReasonA</ElementName>
	</Rule>
	<Rule>
		<RuleID>01580</RuleID>
		<RuleLevel>Element level</RuleLevel>
		<RuleDefinition>IF Service Interruption data elements X100C, X110C and X120C are not blank THEN any of X100B, X110B and X120B  must not be blank</RuleDefinition>
		<ResultOfFailure>reject record</ResultOfFailure>
		<ErrorID>001380</ErrorID>
		<ElementName>ServiceInterruptionStartDateB</ElementName>
		<ElementName>ServiceInterruptionEndDateB</ElementName>
		<ElementName>ServiceInterruptionReasonB</ElementName>
	</Rule>
	<Rule>
		<RuleID>01591</RuleID>
		<RuleLevel>Element level</RuleLevel>
		<RuleDefinition>IF Z1 record type = 5 (Discharge) or 7 (Short Stay) THEN X110A, X110B, and X110C Service Interruption End Date must be &lt;= X80 Discharge Date</RuleDefinition>
		<ResultOfFailure>reject record</ResultOfFailure>
		<ErrorID>001400</ErrorID>
		<ElementName>ServiceInterruptionEndDateA</ElementName>
		<ElementName>ServiceInterruptionEndDateB</ElementName>
		<ElementName>ServiceInterruptionEndDateC</ElementName>
	</Rule>
	<Rule>
		<RuleID>01601</RuleID>
		<RuleLevel>Element level</RuleLevel>
		<RuleDefinition>IF Z1 record type = 3 (Full Admission), 4 (Quarterly) or 6 (Change in Status) THEN X110A, X110B and X110C Service Interruption End Date must be &lt;= A1 Assessment Reference Date</RuleDefinition>
		<ResultOfFailure>reject record</ResultOfFailure>
		<ErrorID>001410</ErrorID>
		<ElementName>ServiceInterruptionEndDateA</ElementName>
		<ElementName>ServiceInterruptionEndDateB</ElementName>
		<ElementName>ServiceInterruptionEndDateC</ElementName>
	</Rule>
	<Rule>
		<RuleID>01610</RuleID>
		<RuleLevel>Element level</RuleLevel>
		<RuleDefinition>IF (X110C-X100C + X110B-X100B + X110A - X100A) &gt; 0 THEN X130 must not be blank AND (X110C-X100C + X110B-X100B + X110A - X100A) must be &lt;= X130</RuleDefinition>
		<ResultOfFailure>reject record</ResultOfFailure>
		<ErrorID>001420</ErrorID>
		<ElementName>TotalDaysAwayFromBed</ElementName>
	</Rule>
	<Rule>
		<RuleID>01620</RuleID>
		<RuleLevel>Element level</RuleLevel>
		<RuleDefinition>IF Z1 Record Type = 3 (Admission) and X2 Submission Type = N or C THEN A2 Reason for Assessment must = 1</RuleDefinition>
		<ResultOfFailure>reject record</ResultOfFailure>
		<ErrorID>001450</ErrorID>
		<ElementName>ReasonForAssessment</ElementName>
	</Rule>
	<Rule>
		<RuleID>01631</RuleID>
		<RuleLevel>Element level</RuleLevel>
		<RuleDefinition>I11h-I11m Other Medical Diagnoses must be unique</RuleDefinition>
		<ResultOfFailure>reject record</ResultOfFailure>
		<ErrorID>001471</ErrorID>
		<ElementName>ICD10CACode1</ElementName>
		<ElementName>ICD10CACode2</ElementName>
		<ElementName>ICD10CACode3</ElementName>
		<ElementName>ICD10CACode4</ElementName>
		<ElementName>ICD10CACode5</ElementName>
		<ElementName>ICD10CACode6</ElementName>
	</Rule>
	<Rule>
		<RuleID>01641</RuleID>
		<RuleLevel>Element level</RuleLevel>
		<RuleDefinition>Q2a-Q2f must be unique</RuleDefinition>
		<ResultOfFailure>reject record</ResultOfFailure>
		<ErrorID>001481</ErrorID>
		<ElementName>AxisIDSMIVCodeA</ElementName>
		<ElementName>AxisIDSMIVCodeB</ElementName>
		<ElementName>AxisIDSMIVCodeC</ElementName>
		<ElementName>AxisIIDSMIVCodeD</ElementName>
		<ElementName>AxisIIDSMIVCodeE</ElementName>
		<ElementName>AxisIIDSMIVCodeF</ElementName>
	</Rule>
	<Rule>
		<RuleID>01650</RuleID>
		<RuleLevel>Element level</RuleLevel>
		<RuleDefinition>IF all of (X50a-h) = 0 THEN X50i Responsibility for Payment - Unknown must = 1</RuleDefinition>
		<ResultOfFailure>reject record</ResultOfFailure>
		<ErrorID>001500</ErrorID>
		<ElementName>ResponsibilityForPaymentUnknown</ElementName>
	</Rule>
	<Rule>
		<RuleID>01661</RuleID>
		<RuleLevel>Element level</RuleLevel>
		<RuleDefinition>IF all of (CC2a-f) = 0 and CC2h = 0 THEN CC2g Reasons for Admission - Other must = 1.</RuleDefinition>
		<ResultOfFailure>reject record</ResultOfFailure>
		<ErrorID>001511</ErrorID>
		<ElementName>ReasonForAdmissionOther</ElementName>
	</Rule>
	<Rule>
		<RuleID>01670</RuleID>
		<RuleLevel>Record level</RuleLevel>
		<RuleDefinition>IF any of (Q1a-p) = 2, THEN one of (Q1a-p) must = 1</RuleDefinition>
		<ResultOfFailure>reject record</ResultOfFailure>
		<ErrorID>001520</ErrorID>
	</Rule>
	<Rule>
		<RuleID>01680</RuleID>
		<RuleLevel>Record level</RuleLevel>
		<RuleDefinition>IF any of (Q1a-p) = 3, THEN one of (Q1a-p) must = 2</RuleDefinition>
		<ResultOfFailure>reject record</ResultOfFailure>
		<ErrorID>001520</ErrorID>
	</Rule>
	<Rule>
		<RuleID>01690</RuleID>
		<RuleLevel>Element level</RuleLevel>
		<RuleDefinition>The first character of AA4 Facility Number, X65 Refered from Facility Number and X140 Discharged to Facility Number must be valid province/territory code (0-9, N, Y, V, Z), and if Z is coded then the remaining 4 digits must be 9999</RuleDefinition>
		<ResultOfFailure>reject record</ResultOfFailure>
		<ErrorID>001530</ErrorID>
		<ElementName>FacilityNumber</ElementName>
		<ElementName>ReferredFromFacilityNumber</ElementName>
		<ElementName>DischargedToFacilityNumber</ElementName>
	</Rule>
	<Rule>
		<RuleID>01701</RuleID>
		<RuleLevel>Element level</RuleLevel>
		<RuleDefinition>IF Z1 Record Type = 3 (Full Admission) or 7 (Short Stay) and Q5 Current Patient Type = 4 THEN CC2f Reason for Admission - Justice System must = 1 or CC2h Reason for Admission - Forensic Assessment must = 1</RuleDefinition>
		<ResultOfFailure>reject record</ResultOfFailure>
		<ErrorID>001561</ErrorID>
		<ElementName>ReasonForAdmissionJusticeSystem</ElementName>
		<ElementName>ReasonForAdmissionForensicAssessment</ElementName>
	</Rule>
	<Rule>
		<RuleID>01710</RuleID>
		<RuleLevel>Element level</RuleLevel>
		<RuleDefinition>IF CC4a - Admitted From = any of (1-6, 8) THEN X65 Referred From Facility # must be blank</RuleDefinition>
		<ResultOfFailure>reject record</ResultOfFailure>
		<ErrorID>001570</ErrorID>
		<ElementName>ReferredFromFacilityNumber</ElementName>
	</Rule>
	<Rule>
		<RuleID>01720</RuleID>
		<RuleLevel>Element level</RuleLevel>
		<RuleDefinition>IF Z1 Record Type = 3 (Admission) or 7 (Short Stay) and A3b Status at Time of Assessment = 5 THEN A3a Status at Time of Admission must = 5</RuleDefinition>
		<ResultOfFailure>reject record</ResultOfFailure>
		<ErrorID>001580</ErrorID>
		<ElementName>InpatientStatusAtTimeOfAdmission</ElementName>
	</Rule>
	<Rule>
		<RuleID>01730</RuleID>
		<RuleLevel>Element level</RuleLevel>
		<RuleDefinition>IF Z1 Record Type = 3 (Admission) or 7 (Short Stay) and A3a Status at Time of Admission = 5 THEN A3b Status at Time of Assessment must = 5</RuleDefinition>
		<ResultOfFailure>reject record</ResultOfFailure>
		<ErrorID>001590</ErrorID>
		<ElementName>InpatientStatusAtTimeOfAssessment</ElementName>
	</Rule>
	<Rule>
		<RuleID>01740</RuleID>
		<RuleLevel>Element level</RuleLevel>
		<RuleDefinition>IF Q5 Current Patient Type = 4 THEN A3b Inpatient Status at Time of Assessment must  = 5</RuleDefinition>
		<ResultOfFailure>reject record</ResultOfFailure>
		<ErrorID>001600</ErrorID>
		<ElementName>InpatientStatusAtTimeOfAssessment</ElementName>
	</Rule>
	<Rule>
		<RuleID>01751</RuleID>
		<RuleLevel>Element level</RuleLevel>
		<RuleDefinition>IF CC2f Reason for Admission - Justice System = 1 or CC2h Reason for Admission - Forensic Assessment = 1 THEN A5a Police Intervention for Violent Behaviour and A5b Police Intervention for Non-Violent Behaviour cannot both = 0</RuleDefinition>
		<ResultOfFailure>reject record</ResultOfFailure>
		<ErrorID>001611</ErrorID>
		<ElementName>PoliceInterventionForViolentBehaviour</ElementName>
		<ElementName>PoliceInterventionForNonviolentBehaviour</ElementName>
	</Rule>
	<Rule>
		<RuleID>01770</RuleID>
		<RuleLevel>Element level</RuleLevel>
		<RuleDefinition>IF A3b Inpatient Status at Time of Assessment = 5 THEN A5a Police Intervention for Violent Behaviour and A5b Police Intervention for Non-Violent Behaviour cannot both = 0</RuleDefinition>
		<ResultOfFailure>reject record</ResultOfFailure>
		<ErrorID>001630</ErrorID>
		<ElementName>PoliceInterventionForViolentBehaviour</ElementName>
		<ElementName>PoliceInterventionForNonviolentBehaviour</ElementName>
	</Rule>
	<Rule>
		<RuleID>01780</RuleID>
		<RuleLevel>Element level</RuleLevel>
		<RuleDefinition>IF Q5 Current Patient Type = 4 THEN A5a Police Intervention for Violent Behaviour and A5b Police Intervention for Non-Violent Behaviour cannot both = 0</RuleDefinition>
		<ResultOfFailure>reject record</ResultOfFailure>
		<ErrorID>001640</ErrorID>
		<ElementName>PoliceInterventionForViolentBehaviour</ElementName>
		<ElementName>PoliceInterventionForNonviolentBehaviour</ElementName>
	</Rule>
	<Rule>
		<RuleID>01790</RuleID>
		<RuleLevel>Element level</RuleLevel>
		<RuleDefinition>ICD10-CA code must not start with &apos;F&apos;</RuleDefinition>
		<ResultOfFailure>reject record</ResultOfFailure>
		<ErrorID>000691</ErrorID>
		<ElementName>ICD10CACode1</ElementName>
		<ElementName>ICD10CACode2</ElementName>
		<ElementName>ICD10CACode3</ElementName>
		<ElementName>ICD10CACode4</ElementName>
		<ElementName>ICD10CACode5</ElementName>
		<ElementName>ICD10CACode6</ElementName>
	</Rule>
	<Rule>
		<RuleID>01800</RuleID>
		<RuleLevel>Element level</RuleLevel>
		<RuleDefinition>IF A3b Status at Time of Assessment = 5 THEN Q5 Current Patient Type must = 4</RuleDefinition>
		<ResultOfFailure>reject record</ResultOfFailure>
		<ErrorID>001651</ErrorID>
		<ElementName>PatientType</ElementName>
	</Rule>
	<Rule>
		<RuleID>01810</RuleID>
		<RuleLevel>Element level</RuleLevel>
		<RuleDefinition>IF L6 ECT = 0 THEN X6 Number of ECTs Since Last Assessment must = 0</RuleDefinition>
		<ResultOfFailure>reject record</ResultOfFailure>
		<ErrorID>001660</ErrorID>
		<ElementName>NumberOfECTsSinceLastAssessment</ElementName>
	</Rule>
	<Rule>
		<RuleID>01830</RuleID>
		<RuleLevel>Element level</RuleLevel>
		<RuleDefinition>IF AA4 Facility Number is an Ontario facility number THEN AA5 Unit Identifier must not = 50</RuleDefinition>
		<ResultOfFailure>reject record</ResultOfFailure>
		<ErrorID>001690</ErrorID>
		<ElementName>UnitIdentifier</ElementName>
	</Rule>
	<Rule>
		<RuleID>01840</RuleID>
		<RuleLevel>Element level</RuleLevel>
		<RuleDefinition>IF X4 Health Card Number Status = 1 THEN AA2 Health Card Number must not be blank</RuleDefinition>
		<ResultOfFailure>reject record</ResultOfFailure>
		<ErrorID>001700</ErrorID>
		<ElementName>HealthCardNumber</ElementName>
	</Rule>
	<Rule>
		<RuleID>01850</RuleID>
		<RuleLevel>Element level</RuleLevel>
		<RuleDefinition>IF X4 Health Card Number Status = 8 or 9 THEN AA2 Health Card Number must be blank</RuleDefinition>
		<ResultOfFailure>reject record</ResultOfFailure>
		<ErrorID>001840</ErrorID>
		<ElementName>HealthCardNumber</ElementName>
	</Rule>
	<Rule>
		<RuleID>01860</RuleID>
		<RuleLevel>Element level</RuleLevel>
		<RuleDefinition>IF Axis I DSM-IV code Q2a and Axis II DSM-IV code Q2d are both reported THEN X7 Primary Diagnosis must be coded</RuleDefinition>
		<ResultOfFailure>reject record</ResultOfFailure>
		<ErrorID>001720</ErrorID>
		<ElementName>PrimaryDiagnosis</ElementName>
	</Rule>
	<Rule>
		<RuleID>01870</RuleID>
		<RuleLevel>Element level</RuleLevel>
		<RuleDefinition>First character of DSM-IV code must be one of the following: 2, 3, 6, 7, 9, V</RuleDefinition>
		<ResultOfFailure>reject record</ResultOfFailure>
		<ErrorID>001730</ErrorID>
		<ElementName>AxisIDSMIVCodeA</ElementName>
		<ElementName>AxisIDSMIVCodeB</ElementName>
		<ElementName>AxisIDSMIVCodeC</ElementName>
		<ElementName>AxisIIDSMIVCodeD</ElementName>
	</Rule>
	<Rule>
		<RuleID>01880</RuleID>
		<RuleLevel>Element level</RuleLevel>
		<RuleDefinition>IF first character of DSM-IV code = 2 THEN second character must = 9</RuleDefinition>
		<ResultOfFailure>reject record</ResultOfFailure>
		<ErrorID>001740</ErrorID>
		<ElementName>AxisIDSMIVCodeA</ElementName>
		<ElementName>AxisIDSMIVCodeB</ElementName>
		<ElementName>AxisIDSMIVCodeC</ElementName>
		<ElementName>AxisIIDSMIVCodeD</ElementName>
	</Rule>
	<Rule>
		<RuleID>01890</RuleID>
		<RuleLevel>Element level</RuleLevel>
		<RuleDefinition>IF first character of DSM-IV code = 3 THEN second character must = 0, 1, 2, 3 or 4</RuleDefinition>
		<ResultOfFailure>reject record</ResultOfFailure>
		<ErrorID>001750</ErrorID>
		<ElementName>AxisIDSMIVCodeA</ElementName>
		<ElementName>AxisIDSMIVCodeB</ElementName>
		<ElementName>AxisIDSMIVCodeC</ElementName>
		<ElementName>AxisIIDSMIVCodeD</ElementName>
		<ElementName>AxisIIDSMIVCodeE</ElementName>
		<ElementName>AxisIIDSMIVCodeF</ElementName>
	</Rule>
	<Rule>
		<RuleID>01900</RuleID>
		<RuleLevel>Element level</RuleLevel>
		<RuleDefinition>IF first character of DSM-IV code = 6 THEN second character must = 0 or 2</RuleDefinition>
		<ResultOfFailure>reject record</ResultOfFailure>
		<ErrorID>001760</ErrorID>
		<ElementName>AxisIDSMIVCodeA</ElementName>
		<ElementName>AxisIDSMIVCodeB</ElementName>
		<ElementName>AxisIDSMIVCodeC</ElementName>
		<ElementName>AxisIIDSMIVCodeD</ElementName>
		<ElementName>AxisIIDSMIVCodeE</ElementName>
		<ElementName>AxisIIDSMIVCodeF</ElementName>
	</Rule>
	<Rule>
		<RuleID>01910</RuleID>
		<RuleLevel>Element level</RuleLevel>
		<RuleDefinition>IF first character of DSM-IV code = 7 THEN second character must = 8 or 9</RuleDefinition>
		<ResultOfFailure>reject record</ResultOfFailure>
		<ErrorID>001770</ErrorID>
		<ElementName>AxisIDSMIVCodeA</ElementName>
		<ElementName>AxisIDSMIVCodeB</ElementName>
		<ElementName>AxisIDSMIVCodeC</ElementName>
		<ElementName>AxisIIDSMIVCodeD</ElementName>
		<ElementName>AxisIIDSMIVCodeE</ElementName>
		<ElementName>AxisIIDSMIVCodeF</ElementName>
	</Rule>
	<Rule>
		<RuleID>01920</RuleID>
		<RuleLevel>Element level</RuleLevel>
		<RuleDefinition>IF first character of DSM-IV code = 9 THEN second character must = 9</RuleDefinition>
		<ResultOfFailure>reject record</ResultOfFailure>
		<ErrorID>001780</ErrorID>
		<ElementName>AxisIDSMIVCodeA</ElementName>
		<ElementName>AxisIDSMIVCodeB</ElementName>
		<ElementName>AxisIDSMIVCodeC</ElementName>
		<ElementName>AxisIIDSMIVCodeD</ElementName>
		<ElementName>AxisIIDSMIVCodeE</ElementName>
		<ElementName>AxisIIDSMIVCodeF</ElementName>
	</Rule>
	<Rule>
		<RuleID>01930</RuleID>
		<RuleLevel>Element level</RuleLevel>
		<RuleDefinition>IF first character of DSM-IV code = V THEN second character must = 1, 6 or 7</RuleDefinition>
		<ResultOfFailure>reject record</ResultOfFailure>
		<ErrorID>001790</ErrorID>
		<ElementName>AxisIDSMIVCodeA</ElementName>
		<ElementName>AxisIDSMIVCodeB</ElementName>
		<ElementName>AxisIDSMIVCodeC</ElementName>
		<ElementName>AxisIIDSMIVCodeD</ElementName>
		<ElementName>AxisIIDSMIVCodeE</ElementName>
		<ElementName>AxisIIDSMIVCodeF</ElementName>
	</Rule>
	<Rule>
		<RuleID>01940</RuleID>
		<RuleLevel>Element level</RuleLevel>
		<RuleDefinition>IF Z1 record type = 3 (Full Admission) or 7 (Short Stay) THEN X100A Service Interruption Start Date must be &gt;= CC1 Date Stay Began</RuleDefinition>
		<ResultOfFailure>reject record</ResultOfFailure>
		<ErrorID>001800</ErrorID>
		<ElementName>ServiceInterruptionStartDateA</ElementName>
	</Rule>
	<Rule>
		<RuleID>01950</RuleID>
		<RuleLevel>Element level</RuleLevel>
		<RuleDefinition>IF P5 Discharged To = 15 THEN X90 Reason for Discharge must = 2 or 3</RuleDefinition>
		<ResultOfFailure>reject record</ResultOfFailure>
		<ErrorID>001810</ErrorID>
		<ElementName>DischargeReason</ElementName>
	</Rule>
	<Rule>
		<RuleID>01961</RuleID>
		<RuleLevel>Element level</RuleLevel>
		<RuleDefinition>IF Q1q Psychiatric Diagnostic Category Not Applicable = 1 AND CC2h Reason for Admission - Forensic Assessment NOT = 1 THEN one of I11a-g Medical Diagnoses must be = 1 or one of I11h-m Other Medical Diagnoses must not be blank</RuleDefinition>
		<ResultOfFailure>reject record</ResultOfFailure>
		<ErrorID>001821</ErrorID>
		<ElementName>DiabetesType1</ElementName>
		<ElementName>DiabetesType2</ElementName>
		<ElementName>ChronicObstructivePulmonaryDisease</ElementName>
		<ElementName>CongestiveHeartFailure</ElementName>
		<ElementName>ChronicRenalFailureWithDialysis</ElementName>
		<ElementName>HIV</ElementName>
		<ElementName>HepatitisC</ElementName>
		<ElementName>ICD10CACode1</ElementName>
		<ElementName>ICD10CACode2</ElementName>
		<ElementName>ICD10CACode3</ElementName>
		<ElementName>ICD10CACode4</ElementName>
		<ElementName>ICD10CACode5</ElementName>
		<ElementName>ICD10CACode6</ElementName>
	</Rule>
	<Rule>
		<RuleID>01970</RuleID>
		<RuleLevel>Element level</RuleLevel>
		<RuleDefinition>IF Z1 Record Type = 3 (Full Admission), 4 (Quarterly), 5 (Discharge), 6 (Change in Status) or 7 (Short Stay) and [X2 Submission Type = N or C] THEN one of Q1a-Q1q must = 1</RuleDefinition>
		<ResultOfFailure>reject record</ResultOfFailure>
		<ErrorID>001240</ErrorID>
		<ElementName>DSMDisorderOfChildhood</ElementName>
		<ElementName>DSMDeliriumDementiaAmnesticOtherCogDisorder</ElementName>
		<ElementName>DSMMentalDisorderDueToMedicalCond</ElementName>
		<ElementName>DSMSubstanceRelatedDisorder</ElementName>
		<ElementName>DSMSchizophreniaOtherPsychoticDisorder</ElementName>
		<ElementName>DSMMoodDisorder</ElementName>
		<ElementName>DSMAnxietyDisorder</ElementName>
		<ElementName>DSMSomatoformDisorder</ElementName>
		<ElementName>DSMFactitiousDisorder</ElementName>
		<ElementName>DSMDissociativeDisorder</ElementName>
		<ElementName>DSMSexualGenderIdentityDisorder</ElementName>
		<ElementName>DSMEatingDisorder</ElementName>
		<ElementName>DSMSleepDisorder</ElementName>
		<ElementName>DSMImpulseControlDisorder</ElementName>
		<ElementName>DSMAdjustmentDisorder</ElementName>
		<ElementName>DSMPersonalityDisorder</ElementName>
		<ElementName>DSMNotApplicable</ElementName>
	</Rule>
	<Rule>
		<RuleID>01980</RuleID>
		<RuleLevel>Element level</RuleLevel>
		<RuleDefinition>IF Z1 Record Type = 3 (Full admission) or 7 (Short Stay) THEN X130 Total Days Away From Bed must be &lt;= A1 Assessment Reference Date - CC1 Date Stay Began</RuleDefinition>
		<ResultOfFailure>reject record</ResultOfFailure>
		<ErrorID>001830</ErrorID>
		<ElementName>TotalDaysAwayFromBed</ElementName>
	</Rule>
	<Rule>
		<RuleID>01990</RuleID>
		<RuleLevel>Element level</RuleLevel>
		<RuleDefinition>X8 Date Admitted to Mental Health Bed must be &gt;= CC1 Date Stay Began</RuleDefinition>
		<ResultOfFailure>reject record</ResultOfFailure>
		<ErrorID>001850</ErrorID>
		<ElementName>DateAdmittedToMentalHealthBed</ElementName>
	</Rule>
	<Rule>
		<RuleID>02000</RuleID>
		<RuleLevel>Element level</RuleLevel>
		<RuleDefinition>IF Q2a AXIS I or Q2d AXIS II DSM-IV code is blank, THEN X7 Primary Diagnosis must be blank</RuleDefinition>
		<ResultOfFailure>reject record</ResultOfFailure>
		<ErrorID>001860</ErrorID>
		<ElementName>PrimaryDiagnosis</ElementName>
	</Rule>
	<Rule>
		<RuleID>02010</RuleID>
		<RuleLevel>Record level</RuleLevel>
		<RuleDefinition>IF Z1 Record Type = 7 THEN (X80 Discharge Date - CC1 Date Stay Began - X130 Total Days Away from Bed ) must be &lt;= 3</RuleDefinition>
		<ResultOfFailure>reject record</ResultOfFailure>
		<ErrorID>000851</ErrorID>
	</Rule>
	<Rule>
		<RuleID>02020</RuleID>
		<RuleLevel>Element level</RuleLevel>
		<RuleDefinition>IF Z1 Record Type = 5 (Discharge) and [X2 Submission Type = N or C] and [X90 Discharge Reason = 1] and [(X80 Discharge Date - CC1 Date Stay Began - X130 Total Days Away from Bed) &gt; 6] THEN A2 Reason for Assessment must = 3</RuleDefinition>
		<ResultOfFailure>reject record</ResultOfFailure>
		<ErrorID>000111</ErrorID>
		<ElementName>ReasonForAssessment</ElementName>
	</Rule>
	<Rule>
		<RuleID>10000</RuleID>
		<RuleLevel>Element level</RuleLevel>
		<RuleDefinition>IF type = numeric THEN data can only contain numerals</RuleDefinition>
		<ResultOfFailure>reject record</ResultOfFailure>
		<ErrorID>000040</ErrorID>
		<DataType>Numeric</DataType>
		<DataType>NumericCode</DataType>
		<DataType>NumericCodeEnumeration</DataType>
		<DataType>Year</DataType>
		<DataType>YearMonth</DataType>
	</Rule>
	<Rule>
		<RuleID>10001</RuleID>
		<RuleLevel>Element level</RuleLevel>
		<RuleDefinition>data length &gt;= min field length</RuleDefinition>
		<ResultOfFailure>reject record</ResultOfFailure>
		<ErrorID>000020</ErrorID>
		<DataType>Alphanumeric</DataType>
		<DataType>AlphanumericUpperCase</DataType>
		<DataType>AlphanumericEnumeration</DataType>
		<DataType>Date</DataType>
		<DataType>Numeric</DataType>
		<DataType>NumericCode</DataType>
		<DataType>NumericCodeEnumeration</DataType>
		<DataType>String</DataType>
		<DataType>Year</DataType>
		<DataType>YearMonth</DataType>
	</Rule>
	<Rule>
		<RuleID>10002</RuleID>
		<RuleLevel>Element level</RuleLevel>
		<RuleDefinition>data length &lt;= max field length</RuleDefinition>
		<ResultOfFailure>reject record</ResultOfFailure>
		<ErrorID>000030</ErrorID>
		<DataType>Alphanumeric</DataType>
		<DataType>AlphanumericUpperCase</DataType>
		<DataType>AlphanumericEnumeration</DataType>
		<DataType>Date</DataType>
		<DataType>Numeric</DataType>
		<DataType>NumericCode</DataType>
		<DataType>NumericCodeEnumeration</DataType>
		<DataType>String</DataType>
		<DataType>Year</DataType>
		<DataType>YearMonth</DataType>
	</Rule>
	<Rule>
		<RuleID>10003</RuleID>
		<RuleLevel>Element level</RuleLevel>
		<RuleDefinition>data has to be one of the valid values/codes</RuleDefinition>
		<ResultOfFailure>reject record</ResultOfFailure>
		<ErrorID>000010</ErrorID>
		<DataType>Alphanumeric</DataType>
		<DataType>AlphanumericUpperCase</DataType>
		<DataType>AlphanumericEnumeration</DataType>
		<DataType>Date</DataType>
		<DataType>Numeric</DataType>
		<DataType>NumericCode</DataType>
		<DataType>NumericCodeEnumeration</DataType>
		<DataType>String</DataType>
		<DataType>Year</DataType>
		<DataType>YearMonth</DataType>
	</Rule>
	<Rule>
		<RuleID>10004</RuleID>
		<RuleLevel>Element level</RuleLevel>
		<RuleDefinition>IF type = date and data is a valid date THEN it must be &lt;= Z5 Date of Submission</RuleDefinition>
		<ResultOfFailure>reject record</ResultOfFailure>
		<ErrorID>000050</ErrorID>
		<DataType>Date</DataType>
	</Rule>
	<Rule>
		<RuleID>10005</RuleID>
		<RuleLevel>Element level</RuleLevel>
		<RuleDefinition>IF type = date THEN data can only contain valid date</RuleDefinition>
		<ResultOfFailure>reject record</ResultOfFailure>
		<ErrorID>000060</ErrorID>
		<DataType>Date</DataType>
	</Rule>
	<Rule>
		<RuleID>10006</RuleID>
		<RuleLevel>Element level</RuleLevel>
		<RuleDefinition>IF type = alphanumeric THEN data can only contain alphabets, numerals, space or dash/minus sign</RuleDefinition>
		<ResultOfFailure>reject record</ResultOfFailure>
		<ErrorID>000070</ErrorID>
		<DataType>Alphanumeric</DataType>
		<DataType>AlphanumericUpperCase</DataType>
		<DataType>AlphanumericEnumeration</DataType>
	</Rule>
	<Rule>
		<RuleID>10007</RuleID>
		<RuleLevel>Element level</RuleLevel>
		<RuleDefinition>IF X2  = (N,C) and data element is &apos;Mandatory for  New/Corrections&apos; THEN data element cannot be blank</RuleDefinition>
		<ResultOfFailure>reject record</ResultOfFailure>
		<ErrorID>000090</ErrorID>
		<DataType>Alphanumeric</DataType>
		<DataType>AlphanumericUpperCase</DataType>
		<DataType>AlphanumericEnumeration</DataType>
		<DataType>Date</DataType>
		<DataType>Numeric</DataType>
		<DataType>NumericCode</DataType>
		<DataType>NumericCodeEnumeration</DataType>
		<DataType>String</DataType>
		<DataType>Year</DataType>
		<DataType>YearMonth</DataType>
	</Rule>
	<Rule>
		<RuleID>10008</RuleID>
		<RuleLevel>Element level</RuleLevel>
		<RuleDefinition>IF data element is &apos;Always Mandatory&apos; THEN data element cannot be blank</RuleDefinition>
		<ResultOfFailure>reject record</ResultOfFailure>
		<ErrorID>000090</ErrorID>
		<DataType>Alphanumeric</DataType>
		<DataType>AlphanumericUpperCase</DataType>
		<DataType>AlphanumericEnumeration</DataType>
		<DataType>Date</DataType>
		<DataType>Numeric</DataType>
		<DataType>NumericCode</DataType>
		<DataType>NumericCodeEnumeration</DataType>
		<DataType>String</DataType>
		<DataType>Year</DataType>
		<DataType>YearMonth</DataType>
	</Rule>
	<Rule>
		<RuleID>20000</RuleID>
		<RuleLevel>Record level</RuleLevel>
		<RuleDefinition>IF Z1 Record Type = 4 or 6 THEN an Admission Assessment with the same episode key (AA4 Facility Number, X30 Chart Number, AA3 Case Record Number) must exist in the database</RuleDefinition>
		<ResultOfFailure>reject record</ResultOfFailure>
		<ErrorID>000100</ErrorID>
	</Rule>
	<Rule>
		<RuleID>20001</RuleID>
		<RuleLevel>Record level</RuleLevel>
		<RuleDefinition>IF Z1 Record Type = 5 THEN an Admission Assessment with the same episode key (AA4 Facility Number, X30 Chart Number, AA3 Case Record Number) must exist in the database</RuleDefinition>
		<ResultOfFailure>reject record</ResultOfFailure>
		<ErrorID>000100</ErrorID>
	</Rule>
	<Rule>
		<RuleID>20008</RuleID>
		<RuleLevel>Record level</RuleLevel>
		<RuleDefinition>IF Z1 Record Type=7 or 3 AND X2 Submission Type = N THEN episode key (AA4 Facility Number, X30 Chart Number, AA3 Case Record Number) must not exist in the database</RuleDefinition>
		<ResultOfFailure>reject record</ResultOfFailure>
		<ErrorID>000140</ErrorID>
	</Rule>
	<Rule>
		<RuleID>20010</RuleID>
		<RuleLevel>Record level</RuleLevel>
		<RuleDefinition>IF X2 Submission Type = D and Z1 Record Type = 3 (Admission) THEN no associated Record Types of any of (4, 5, 6, 8) with the same episode key (AA4 Facility Number, X30 Chart Number, AA3 Case Record Number) must exist in the database</RuleDefinition>
		<ResultOfFailure>reject record</ResultOfFailure>
		<ErrorID>000150</ErrorID>
	</Rule>
	<Rule>
		<RuleID>20011</RuleID>
		<RuleLevel>Record level</RuleLevel>
		<RuleDefinition>IF X2 Submission Type = D and Z1 Record Type = 4 (Quarterly) THEN no associated Record Type of 4 with A1 &gt; A1 of record to be deleted must exist in the database for the episode</RuleDefinition>
		<ResultOfFailure>reject record</ResultOfFailure>
		<ErrorID>000160</ErrorID>
	</Rule>
	<Rule>
		<RuleID>20012</RuleID>
		<RuleLevel>Record level</RuleLevel>
		<RuleDefinition>IF X2 Submission Type = D and Z1 Record Type = 4 (Quarterly) THEN no associated Record Type of 5 (Discharge) with the same episode key (AA4 Facility Number, X30 Chart Number, AA3 Case Record Number) must exist in the database</RuleDefinition>
		<ResultOfFailure>reject record</ResultOfFailure>
		<ErrorID>000170</ErrorID>
	</Rule>
	<Rule>
		<RuleID>20013</RuleID>
		<RuleLevel>Record level</RuleLevel>
		<RuleDefinition>IF X2 Submission Type = D and Z1 Record Type = 4 (Quarterly) THEN no associated Record Type of 8 with A1 &gt;= A1 of record to be deleted must exist in the database for the episode</RuleDefinition>
		<ResultOfFailure>reject record</ResultOfFailure>
		<ErrorID>001060</ErrorID>
	</Rule>
	<Rule>
		<RuleID>20014</RuleID>
		<RuleLevel>Record level</RuleLevel>
		<RuleDefinition>IF X2 Submission Type = D and Z1 Record Type = 5 (Discharge) THEN no Record Type of 08 with the same A1 must exist in the database</RuleDefinition>
		<ResultOfFailure>reject record</ResultOfFailure>
		<ErrorID>000190</ErrorID>
	</Rule>
	<Rule>
		<RuleID>20016</RuleID>
		<RuleLevel>Record level</RuleLevel>
		<RuleDefinition>IF X2 Submission Type = D and Z1 Record Type = 6 (Change in Status) THEN no associated Record Type of 4 with A1 &gt; A1 of record to be deleted must exist in the database for the episode</RuleDefinition>
		<ResultOfFailure>reject record</ResultOfFailure>
		<ErrorID>000200</ErrorID>
	</Rule>
	<Rule>
		<RuleID>20017</RuleID>
		<RuleLevel>Record level</RuleLevel>
		<RuleDefinition>IF X2 Submission Type = D and Z1 Record Type = 6 (Change in Status) THEN no associated Record Type of 6 with A1 &gt; A1 of record to be deleted must exist in the database for the episode</RuleDefinition>
		<ResultOfFailure>reject record</ResultOfFailure>
		<ErrorID>000210</ErrorID>
	</Rule>
	<Rule>
		<RuleID>20018</RuleID>
		<RuleLevel>Record level</RuleLevel>
		<RuleDefinition>IF X2 Submission Type = D and Z1 Record Type = 4 (Quarterly) THEN no associated Record Type of 6 with A1 &gt; A1 of record to be deleted must exist in the database for the episode</RuleDefinition>
		<ResultOfFailure>reject record</ResultOfFailure>
		<ErrorID>000220</ErrorID>
	</Rule>
	<Rule>
		<RuleID>20019</RuleID>
		<RuleLevel>Record level</RuleLevel>
		<RuleDefinition>IF X2 Submission Type = D and Z1 Record Type = 6 (Change in Status) THEN no associated Record Type of 5 (Discharge) with the same episode key (AA4 Facility Number, X30 Chart Number, AA3 Case Record Number) must exist in the database</RuleDefinition>
		<ResultOfFailure>reject record</ResultOfFailure>
		<ErrorID>000230</ErrorID>
	</Rule>
	<Rule>
		<RuleID>20020</RuleID>
		<RuleLevel>Record level</RuleLevel>
		<RuleDefinition>IF X2 Submission Type = D and Z1 Record Type =6 (Change in Status) THEN no associated Record Type of 8 with A1 &gt;= A1 of record to be deleted must exist in the database for the episode</RuleDefinition>
		<ResultOfFailure>reject record</ResultOfFailure>
		<ErrorID>000240</ErrorID>
	</Rule>
	<Rule>
		<RuleID>20021</RuleID>
		<RuleLevel>Record level</RuleLevel>
		<RuleDefinition>X80 Discharge Date must be &gt;= CC1 Date Stay Began of admission record (Z1 Record Type = 3) with the same AA4 Facility Number, X30 Chart Number and AA3 Case Record Number</RuleDefinition>
		<ResultOfFailure>reject record</ResultOfFailure>
		<ErrorID>000250</ErrorID>
		<ElementName>DischargeDate</ElementName>
	</Rule>
	<Rule>
		<RuleID>20022</RuleID>
		<RuleLevel>Record level</RuleLevel>
		<RuleDefinition>A1 Assessment Reference Date must be &gt;= CC1 Date Stay Began of admission record (Z1 Record Type = 3) with the same AA4 Facility Number, X30 Chart Number and AA3 Case Record Number</RuleDefinition>
		<ResultOfFailure>reject record</ResultOfFailure>
		<ErrorID>000260</ErrorID>
		<ElementName>AssessmentReferenceDate</ElementName>
	</Rule>
	<Rule>
		<RuleID>20023</RuleID>
		<RuleLevel>Record level</RuleLevel>
		<RuleDefinition>A1 Assessment Reference Date must be &lt;= X80 Discharge Date of discharge record (Z1 Record Type = 5) with the same AA4 Facility Number, X30 Chart Number and AA3 Case Record Number</RuleDefinition>
		<ResultOfFailure>reject record</ResultOfFailure>
		<ErrorID>000270</ErrorID>
		<ElementName>AssessmentReferenceDate</ElementName>
	</Rule>
	<Rule>
		<RuleID>20025</RuleID>
		<RuleLevel>Record level</RuleLevel>
		<RuleDefinition>IF X2 Submission Type = N THEN Record key (AA4 Facility Number, X1 Record ID) must not exist in the database</RuleDefinition>
		<ResultOfFailure>reject record</ResultOfFailure>
		<ErrorID>000080</ErrorID>
	</Rule>
	<Rule>
		<RuleID>20027</RuleID>
		<RuleLevel>Record level</RuleLevel>
		<RuleDefinition>IF X2 Submission Type = C THEN matching record with the same AA4 Facility Number, X1 Record ID, X30 Chart Number, AA3 Case Record Number, A1 Assessment Reference Date and Z1 Record Type must exist in the database</RuleDefinition>
		<ResultOfFailure>reject record</ResultOfFailure>
		<ErrorID>000290</ErrorID>
	</Rule>
	<Rule>
		<RuleID>20029</RuleID>
		<RuleLevel>Record level</RuleLevel>
		<RuleDefinition>IF Z1 Record Type = 2 (Facility Profile) and AA4 Facility Number already exists in the database THEN X1 Record ID and AA4 Facility Number must match existing X1 Record ID and AA4 Facility Number in the database</RuleDefinition>
		<ResultOfFailure>reject record</ResultOfFailure>
		<ErrorID>001070</ErrorID>
		<ElementName>RecordID</ElementName>
	</Rule>
	<Rule>
		<RuleID>20030</RuleID>
		<RuleLevel>Record level</RuleLevel>
		<RuleDefinition>IF X2 Submission Type = D THEN matching record with the same AA4 Facility Number, X1 Record ID, X30 Chart Number, AA3 Case Record Number, A1 Assessment Reference Date and Z1 Record Type must exist in the database</RuleDefinition>
		<ResultOfFailure>reject record</ResultOfFailure>
		<ErrorID>001040</ErrorID>
	</Rule>
	<Rule>
		<RuleID>20032</RuleID>
		<RuleLevel>Record level</RuleLevel>
		<RuleDefinition>IF Z1 Record Type = 8 (Medication) THEN an assessment with the same AA4 Facility Number, X30 Chart Number, AA3 Case Record Number and A1 Assessment Reference Date must exist in the database</RuleDefinition>
		<ResultOfFailure>reject record</ResultOfFailure>
		<ErrorID>001090</ErrorID>
	</Rule>
	<Rule>
		<RuleID>20036</RuleID>
		<RuleLevel>Record level</RuleLevel>
		<RuleDefinition>IF Z1 Record Type = 3 or 7 AND X2 Submission Type = C AND matching X30 Chart Number and AA4 Facility Number combination exists in the database [excluding the record to be corrected] AND CC1 Date Stay Began of the correction record is &gt; CC1 Date Stay Began of the latest existing record THEN a corresponding Discharge with X80 Discharge Date &lt;= CC1 Date Stay Began of the correction record must exist</RuleDefinition>
		<ResultOfFailure>reject record</ResultOfFailure>
		<ErrorID>000950</ErrorID>
	</Rule>
	<Rule>
		<RuleID>20038</RuleID>
		<RuleLevel>Record level</RuleLevel>
		<RuleDefinition>IF Z1 Record Type=5 AND X2 Submission Type = N THEN a discharge record or short stay record with the same episode key (AA4 Facility Number, X30 Chart Number, AA3 Case Record Number) must not exist in the database</RuleDefinition>
		<ResultOfFailure>reject record</ResultOfFailure>
		<ErrorID>001440</ErrorID>
	</Rule>
	<Rule>
		<RuleID>20040</RuleID>
		<RuleLevel>Record level</RuleLevel>
		<RuleDefinition>DD6 Age at First Hospitalization must be in the appropriate range as per (CC1 Date Stay Began - BB2 Birthdate)</RuleDefinition>
		<ResultOfFailure>reject record</ResultOfFailure>
		<ErrorID>001550</ErrorID>
		<ElementName>AgeAtFirstHospitalization</ElementName>
	</Rule>
	<Rule>
		<RuleID>20041</RuleID>
		<RuleLevel>Record level</RuleLevel>
		<RuleDefinition>X75 Days in Alternative Level of Care Since Last Assessment must be &lt;= A1 Assessment Reference Date - A1 Assessment Reference Date of the most recent previous Admission, Change in Status or Quarterly Assessment with the same AA4 Facility Number, X30 Chart Number and AA3 Case Record Number</RuleDefinition>
		<ResultOfFailure>reject record</ResultOfFailure>
		<ErrorID>001670</ErrorID>
		<ElementName>DaysInAlternativeLevelOfCareSinceLastAssessment</ElementName>
	</Rule>
	<Rule>
		<RuleID>20042</RuleID>
		<RuleLevel>Record level</RuleLevel>
		<RuleDefinition>IF Z1 record type = 4 (Quarterly), 5 (Discharge) or 6 (Change in Status) THEN X100A Service Interruption Start Date must be &gt;= A1 Assessment Reference Date of the most recent previous Admission, Change in Status or Quarterly Assessment with the same AA4 Facility Number, X30 Chart Number and AA3 Case Record Number</RuleDefinition>
		<ResultOfFailure>reject record</ResultOfFailure>
		<ErrorID>001120</ErrorID>
		<ElementName>ServiceInterruptionStartDateA</ElementName>
	</Rule>
	<Rule>
		<RuleID>20044</RuleID>
		<RuleLevel>Record level</RuleLevel>
		<RuleDefinition>IF Z1 Record Type = 4 (Quarterly) or 6 (Change in Status), THEN X130 Total Days Away From Bed must be &lt;= A1 Assessment Reference Date - A1 Assessment Reference Date of the most recent previous Admission, Change in Status or Quarterly Assessment with the same AA4 Facility Number, X30 Chart Number and AA3 Case Record Number</RuleDefinition>
		<ResultOfFailure>reject record</ResultOfFailure>
		<ErrorID>001130</ErrorID>
		<ElementName>TotalDaysAwayFromBed</ElementName>
	</Rule>
	<Rule>
		<RuleID>20045</RuleID>
		<RuleLevel>Record level</RuleLevel>
		<RuleDefinition>IF Z1 Record Type = 5 (Discharge), THEN X130 Total Days Away From Bed must be &lt;= X80 Discharge Date - A1 Assessment Reference Date of the most recent previous Admission, Change in Status or Quarterly Assessment with the same AA4 Facility Number, X30 Chart Number and AA3 Case Record Number</RuleDefinition>
		<ResultOfFailure>reject record</ResultOfFailure>
		<ErrorID>001890</ErrorID>
		<ElementName>TotalDaysAwayFromBed</ElementName>
	</Rule>
	<Rule>
		<RuleID>20046</RuleID>
		<RuleLevel>Record level</RuleLevel>
		<RuleDefinition>IF Z1 Record Type = 3 or 7 AND X2 Submission Type = N AND matching X30 Chart Number and AA4 Facility Number combination exists in the database AND CC1 Date Stay Began of the new record is &gt;= CC1 Date Stay Began of the latest existing record THEN a corresponding X80 Discharge Date for the latest existing record must exist.</RuleDefinition>
		<ResultOfFailure>reject record</ResultOfFailure>
		<ErrorID>000950</ErrorID>
	</Rule>
	<Rule>
		<RuleID>20047</RuleID>
		<RuleLevel>Record level</RuleLevel>
		<RuleDefinition>IF Z1 Record Type = 3 or 7 AND X2 Submission Type = N AND matching X30 Chart Number and AA4 Facility Number combination exists in the database AND CC1 Date Stay Began of the new record is &gt;= CC1 Date Stay Began of the latest existing record AND a corresponding X80 Discharge Date for the latest existing record exists THEN CC1 Date Stay Began of the new record must &gt;= X80 Discharge Date of the latest corresponding discharge</RuleDefinition>
		<ResultOfFailure>reject record</ResultOfFailure>
		<ErrorID>001870</ErrorID>
	</Rule>
	<Rule>
		<RuleID>20048</RuleID>
		<RuleLevel>Record level</RuleLevel>
		<RuleDefinition>IF X2 Submission Type = N and Z1 Record Type = 3 (Admission), 4 (Quarterly), 6 (Change in Status) or 7 (Short Stay) THEN Assessment key (AA4 Facility Number, X30 Chart Number, AA3 Case Record Number, A1 Assessment Reference Date) must not exist in the database</RuleDefinition>
		<ResultOfFailure>reject record</ResultOfFailure>
		<ErrorID>000120</ErrorID>
	</Rule>
	<Rule>
		<RuleID>20049</RuleID>
		<RuleLevel>Record level</RuleLevel>
		<RuleDefinition>IF record type = 4 (Quarterly) or 6 (Change in Status) THEN A1 must be &gt; A1 of admission assessment with the same AA4 (Facility number), X30 (Chart number) and AA3 (Case record number)</RuleDefinition>
		<ResultOfFailure>reject record</ResultOfFailure>
		<ErrorID>001430</ErrorID>
		<ElementName>AssessmentReferenceDate</ElementName>
	</Rule>
	<Rule>
		<RuleID>20050</RuleID>
		<RuleLevel>Record level</RuleLevel>
		<RuleDefinition>IF record type = 5 (Discharge) THEN A1 must be &gt;= A1 of admission assessment with the same AA4 (Facility number), X30 (Chart number) and AA3 (Case record number)</RuleDefinition>
		<ResultOfFailure>reject record</ResultOfFailure>
		<ErrorID>001880</ErrorID>
		<ElementName>AssessmentReferenceDate</ElementName>
	</Rule>
	<Rule>
		<RuleID>20051</RuleID>
		<RuleLevel>Record level</RuleLevel>
		<RuleDefinition>IF record type = 4 (Quarterly) or  6 (Change in Status) then A1 must be &lt;= A1 of discharge assessment with the same AA4 (Facility number), X30 (Chart number) and AA3 (Case record number)</RuleDefinition>
		<ResultOfFailure>reject record</ResultOfFailure>
		<ErrorID>001461</ErrorID>
	</Rule>
	<Rule>
		<RuleID>30000</RuleID>
		<RuleLevel>File level</RuleLevel>
		<RuleDefinition>Z4 Number of records specified on the control record must = the number of records in the transmission file</RuleDefinition>
		<ResultOfFailure>reject file</ResultOfFailure>
		<ErrorID>000300</ErrorID>
	</Rule>
	<Rule>
		<RuleID>30001</RuleID>
		<RuleLevel>File level</RuleLevel>
		<RuleDefinition>IF Z1 Record Type = 1 and Z3 Fiscal Quarter of Submission = F THEN the transmission file must only contain Record Type 2</RuleDefinition>
		<ResultOfFailure>reject file</ResultOfFailure>
		<ErrorID>000310</ErrorID>
	</Rule>
	<Rule>
		<RuleID>30002</RuleID>
		<RuleLevel>File level</RuleLevel>
		<RuleDefinition>IF Z1 Record Type = 1 and Z3 Fiscal Quarter of Submission = any of (1, 2, 3, 4) THEN the transmission file must not contain Record Type 2</RuleDefinition>
		<ResultOfFailure>reject file</ResultOfFailure>
		<ErrorID>000320</ErrorID>
	</Rule>
	<Rule>
		<RuleID>30003</RuleID>
		<RuleLevel>File level</RuleLevel>
		<RuleDefinition>Z2 Fiscal Year of Submission must match fiscal year of submission file name</RuleDefinition>
		<ResultOfFailure>reject file</ResultOfFailure>
		<ErrorID>000330</ErrorID>
		<ElementName>FiscalYearOfSubmission</ElementName>
	</Rule>
	<Rule>
		<RuleID>30004</RuleID>
		<RuleLevel>File level</RuleLevel>
		<RuleDefinition>Z3 Fiscal Quarter for this Submission must match fiscal quarter of the submission file name</RuleDefinition>
		<ResultOfFailure>reject file</ResultOfFailure>
		<ErrorID>000340</ErrorID>
		<ElementName>FiscalQuarterForThisSubmission</ElementName>
	</Rule>
	<Rule>
		<RuleID>30005</RuleID>
		<RuleLevel>File level</RuleLevel>
		<RuleDefinition>AA4 Facility Number must match the facility number of the submission file name</RuleDefinition>
		<ResultOfFailure>reject file</ResultOfFailure>
		<ErrorID>000350</ErrorID>
		<ElementName>FacilityNumber</ElementName>
	</Rule>
	<Rule>
		<RuleID>30013</RuleID>
		<RuleLevel>File level</RuleLevel>
		<RuleDefinition>All elements on the Control Record must be valid</RuleDefinition>
		<ResultOfFailure>reject file</ResultOfFailure>
		<ErrorID>001110</ErrorID>
	</Rule>
	<Rule>
		<RuleID>30016</RuleID>
		<RuleLevel>Integration level</RuleLevel>
		<RuleDefinition>New fiscal year Facility Profile must be submitted before new fiscal year data can be submitted</RuleDefinition>
		<ResultOfFailure>reject file</ResultOfFailure>
		<ErrorID>001490</ErrorID>
	</Rule>
	<Rule>
		<RuleID>30017</RuleID>
		<RuleLevel>Record level</RuleLevel>
		<RuleDefinition>IF Z1 Record type = (3, 4, 5, 6, 7, 8) THEN A1 Assessment Reference Date must be within the Z2 Fiscal Year of Submission specified on the control record</RuleDefinition>
		<ResultOfFailure>reject record</ResultOfFailure>
		<ErrorID>000930</ErrorID>
		<ElementName>AssessmentReferenceDate</ElementName>
	</Rule>
	<Rule>
		<RuleID>30018</RuleID>
		<RuleLevel>Record level</RuleLevel>
		<RuleDefinition>IF Z1 Record type = (3, 4, 5, 6, 7, 8) THEN A1 Assessment Reference Date must be within the Z3 Fiscal Quarter of Submission specified on the control record</RuleDefinition>
		<ResultOfFailure>reject record</ResultOfFailure>
		<ErrorID>000940</ErrorID>
		<ElementName>AssessmentReferenceDate</ElementName>
	</Rule>
	<Rule>
		<RuleID>40266</RuleID>
		<RuleLevel>Element level</RuleLevel>
		<RuleDefinition>IF Z1 Record Type = 5 and X2 = (N, C) and data element is &apos;Mandatory on new or correct IF (LOS - X130) &gt; 6 &amp; X90 = 1&apos; THEN data element cannot be blank</RuleDefinition>
		<ResultOfFailure>reject record</ResultOfFailure>
		<ErrorID>000401</ErrorID>
		<ElementName>ReasonForAssessment</ElementName>
		<ElementName>CapacityCompetencyConsentToTreatment</ElementName>
		<ElementName>CapacityCompetencyManage</ElementName>
		<ElementName>CapacityCompetencyClinicalRecord</ElementName>
		<ElementName>CapacityCompetencyLegalGuardianSubstituteDecisionMaker</ElementName>
		<ElementName>Alcohol</ElementName>
		<ElementName>PatternsOfDrinkingOrOtherSubstanceUseConcerns</ElementName>
		<ElementName>PatternsOfDrinkingOrOtherSubstanceUseCriticismFromOthers</ElementName>
		<ElementName>PatternsOfDrinkingOrOtherSubstanceUseFeelingsOfGuilt</ElementName>
		<ElementName>PatternsOfDrinkingOrOtherSubstanceUseNerves</ElementName>
		<ElementName>Smoking</ElementName>
		<ElementName>Gambling</ElementName>
		<ElementName>CognitiveDecline</ElementName>
		<ElementName>Stamina</ElementName>
		<ElementName>ADLDecline</ElementName>
		<ElementName>Hearing</ElementName>
		<ElementName>Vision</ElementName>
		<ElementName>MakingSelfUnderstood</ElementName>
		<ElementName>Headache</ElementName>
		<ElementName>DizzinessVertigo</ElementName>
		<ElementName>ShortnessOfBreath</ElementName>
		<ElementName>ChestPainPressure</ElementName>
		<ElementName>BlurredVision</ElementName>
		<ElementName>DryMouth</ElementName>
		<ElementName>IncreaseOrDecreaseInNormalAppetite</ElementName>
		<ElementName>DifficultyUrinating</ElementName>
		<ElementName>Nausea</ElementName>
		<ElementName>Vomiting</ElementName>
		<ElementName>Constipation</ElementName>
		<ElementName>Diarrhea</ElementName>
		<ElementName>DaytimeDrowsinessSedation</ElementName>
		<ElementName>FatigueWeakness</ElementName>
		<ElementName>ImpairedBalanceAtaxia</ElementName>
		<ElementName>EmergentConditions</ElementName>
		<ElementName>Edema</ElementName>
		<ElementName>Akathisia</ElementName>
		<ElementName>Dyskinesia</ElementName>
		<ElementName>Tremor</ElementName>
		<ElementName>Rigidity</ElementName>
		<ElementName>SlowShufflingGait</ElementName>
		<ElementName>Bradykinesia</ElementName>
		<ElementName>Dystonia</ElementName>
		<ElementName>SexualFunctioning</ElementName>
		<ElementName>SelfRatedHealth</ElementName>
		<ElementName>ChewingSwallowing</ElementName>
		<ElementName>Falls</ElementName>
		<ElementName>PainFrequency</ElementName>
		<ElementName>PainIntensity</ElementName>
		<ElementName>BladderContinence</ElementName>
		<ElementName>BowelContinence</ElementName>
		<ElementName>LifeEventCausesSenseOfHorrorOrIntenseFear</ElementName>
		<ElementName>OtherIndicatorsHistoryOfAbuse</ElementName>
		<ElementName>OtherIndicatorsFearfulOfOthers</ElementName>
		<ElementName>HistoryOfMedicationAdherence</ElementName>
		<ElementName>AcuteControlMedications</ElementName>
		<ElementName>AllergyToDrugs</ElementName>
		<ElementName>FormalCarePsychiatrist</ElementName>
		<ElementName>FormalCareNursePractitionerOrMD</ElementName>
		<ElementName>FormalCareSocialWorker</ElementName>
		<ElementName>FormalCarePsychologistOrPsychometrist</ElementName>
		<ElementName>FormalCareOT</ElementName>
		<ElementName>FormalCareRecreationTherapist</ElementName>
		<ElementName>FormalCareAddictionCounsellor</ElementName>
		<ElementName>FormalCareDietician</ElementName>
		<ElementName>NursingMedicalInterventions</ElementName>
		<ElementName>NursingOneToOneCounselling</ElementName>
		<ElementName>NursingCrisisIntervention</ElementName>
		<ElementName>NursingFamilySupport</ElementName>
		<ElementName>TreatmentIndividualTherapy</ElementName>
		<ElementName>TreatmentGroupTherapy</ElementName>
		<ElementName>TreatmentFamilyCoupleTherapy</ElementName>
		<ElementName>TreatmentSelfHelpGroup</ElementName>
		<ElementName>FocusOfInterventionCommunityReIntegration</ElementName>
		<ElementName>FocusOfInterventionSocialFamilyFunctioning</ElementName>
		<ElementName>FocusOfInterventionPsychosocialRehab</ElementName>
		<ElementName>FocusOfInterventionDetoxification</ElementName>
		<ElementName>FocusOfInterventionAlcoholDrugTreatment</ElementName>
		<ElementName>FocusOfInterventionVocationalCounselling</ElementName>
		<ElementName>FocusOfInterventionAngerMgmt</ElementName>
		<ElementName>FocusOfInterventionEatingDisorder</ElementName>
		<ElementName>FocusOfInterventionBehaviouralMgmt</ElementName>
		<ElementName>FocusOfInterventionPostTraumaticStress</ElementName>
		<ElementName>FocusOfInterventionPainMgmt</ElementName>
		<ElementName>FocusOfInterventionAlternativeNonTraditionalTherapy</ElementName>
		<ElementName>AdherenceWithTreatmentsTherapiesPrograms</ElementName>
		<ElementName>ECT</ElementName>
		<ElementName>MechanicalRestraint</ElementName>
		<ElementName>ChairPreventsRising</ElementName>
		<ElementName>PhysicalManualRestraints</ElementName>
		<ElementName>ConfinementToUnit</ElementName>
		<ElementName>ConfinementToRoom</ElementName>
		<ElementName>SeclusionRoom</ElementName>
		<ElementName>Observation15MinIntervals</ElementName>
		<ElementName>Observation5MinIntervals</ElementName>
		<ElementName>ObservationConstantForLessThan1Hr</ElementName>
		<ElementName>ObservationConstantForMoreThan1Hr</ElementName>
		<ElementName>PsychICU</ElementName>
		<ElementName>AuthorizedActivitiesOutsideFacilityAccompaniedByStaff</ElementName>
		<ElementName>AuthorizedActivitiesOutsideFacilityNotAccompaniedByStaff</ElementName>
		<ElementName>Height</ElementName>
		<ElementName>Weight</ElementName>
		<ElementName>WeightLoss</ElementName>
		<ElementName>WeightGain</ElementName>
		<ElementName>InsufficientFluid</ElementName>
		<ElementName>DecreaseInFood</ElementName>
		<ElementName>BingeEating</ElementName>
		<ElementName>UnrealisticFearOfWeightGain</ElementName>
		<ElementName>Fasting</ElementName>
		<ElementName>Polydipsia</ElementName>
		<ElementName>FamilyRoles</ElementName>
		<ElementName>EmploymentStatus</ElementName>
		<ElementName>IncreaseInLatenessAbsenteeism</ElementName>
		<ElementName>PoorProductivityDisruptivenessAtSchoolWork</ElementName>
		<ElementName>IntentToQuitWorkSchool</ElementName>
		<ElementName>PersistentUnemployment</ElementName>
		<ElementName>TradeOffs</ElementName>
		<ElementName>ParticipationInSocialActivities</ElementName>
		<ElementName>VisitBySocialRelationFamily</ElementName>
		<ElementName>ContactWithSocialRelationFamily</ElementName>
		<ElementName>PtExpressesPreferenceToReturnToCommunity</ElementName>
		<ElementName>PtHasSupportForDischarge</ElementName>
		<ElementName>OverallChangeInCareNeeds</ElementName>
		<ElementName>IntellectualDisability</ElementName>
		<ElementName>GAFScore</ElementName>
		<ElementName>PatientType</ElementName>
		<ElementName>MajorSkinProblems</ElementName>
		<ElementName>OtherSkinConditions</ElementName>
		<ElementName>FootProblems</ElementName>
	</Rule>
	<Rule>
		<RuleID>40267</RuleID>
		<RuleLevel>Element level</RuleLevel>
		<RuleDefinition>IF Z1 Record Type = 5 and [X2 Submission Type = N or C] and [X90 Discharge Reason = 1] and [(X80 Discharge Date - CC1 Date Stay Began - X130 Total Days Away from Bed) &gt; 6] and Q2d Axis II - DSM-IV code is blank THEN Q2a Axis I - DSM-IV code must not be blank</RuleDefinition>
		<ResultOfFailure>reject record</ResultOfFailure>
		<ErrorID>000401</ErrorID>
		<ElementName>AxisIDSMIVCodeA</ElementName>
	</Rule>
	<Rule>
		<RuleID>40268</RuleID>
		<RuleLevel>Element level</RuleLevel>
		<RuleDefinition>IF Z1 Record Type = 5 and [X2 Submission Type = N or C] and [X90 Discharge Reason = 1] and [(X80 Discharge Date - CC1 Date Stay Began - X130 Total Days Away from Bed) &gt; 6]  and Q2a Axis I - DSM-IV code is blank THEN Q2d Axis II - DSM-IV code must not be blank</RuleDefinition>
		<ResultOfFailure>reject record</ResultOfFailure>
		<ErrorID>000401</ErrorID>
		<ElementName>AxisIIDSMIVCodeD</ElementName>
	</Rule>
	<Rule>
		<RuleID>50001</RuleID>
		<RuleLevel>Integration level</RuleLevel>
		<RuleDefinition>The first record in a submission file must be a control record</RuleDefinition>
		<ResultOfFailure>reject file</ResultOfFailure>
		<ErrorID>001250</ErrorID>
	</Rule>
	<Rule>
		<RuleID>50002</RuleID>
		<RuleLevel>Integration level</RuleLevel>
		<RuleDefinition>A submission file must only have one control record</RuleDefinition>
		<ResultOfFailure>reject file</ResultOfFailure>
		<ErrorID>001260</ErrorID>
	</Rule>
	<Rule>
		<RuleID>50003</RuleID>
		<RuleLevel>Integration level</RuleLevel>
		<RuleDefinition>IF file format = ASCII THEN record length must not exceed specified length</RuleDefinition>
		<ResultOfFailure>reject file</ResultOfFailure>
		<ErrorID>001270</ErrorID>
	</Rule>
	<Rule>
		<RuleID>50006</RuleID>
		<RuleLevel>Integration level</RuleLevel>
		<RuleDefinition>IF file format = XML THEN XML declaration must be correct</RuleDefinition>
		<ResultOfFailure>reject file</ResultOfFailure>
		<ErrorID>001300</ErrorID>
	</Rule>
	<Rule>
		<RuleID>50007</RuleID>
		<RuleLevel>Integration level</RuleLevel>
		<RuleDefinition>IF file format = XML THEN XML root element must be correct</RuleDefinition>
		<ResultOfFailure>reject file</ResultOfFailure>
		<ErrorID>001310</ErrorID>
	</Rule>
	<Rule>
		<RuleID>50008</RuleID>
		<RuleLevel>Integration level</RuleLevel>
		<RuleDefinition>IF file format = XML THEN XML must be valid</RuleDefinition>
		<ResultOfFailure>reject file</ResultOfFailure>
		<ErrorID>001320</ErrorID>
	</Rule>
	<Rule>
		<RuleID>50009</RuleID>
		<RuleLevel>Integration level</RuleLevel>
		<RuleDefinition>Submission file name must be valid</RuleDefinition>
		<ResultOfFailure>reject file</ResultOfFailure>
		<ErrorID>001330</ErrorID>
	</Rule>
	<Rule>
		<RuleID>50010</RuleID>
		<RuleLevel>Integration level</RuleLevel>
		<RuleDefinition>Z1 Record type must be valid</RuleDefinition>
		<ResultOfFailure>reject file</ResultOfFailure>
		<ErrorID>001340</ErrorID>
		<ElementName>RecordType</ElementName>
	</Rule>

</OMHRSRules>