<?xml version="1.0" encoding="UTF-8"?>
<OMHRSSubmission xmlns="http://www.cihi.ca/OMHRS" xmlns:xsi="http://www.w3.org/2001/XMLSchema-instance" xsi:schemaLocation="http://www.cihi.ca/OMHRS
..\OMHRSSubmission.xsd">
<!--
*
*	Sample OMHRS XML submission data for Release Release 2011_1.0
*	CIHI
*
*	The purpose of this sample file is to demonstrate an XML instance document for the OMHRS Submission 
*	XML Schema Version 2011_1.0 and to provide the reader with a general understanding of the structure, record types,
*	and related elements.
*	This data is purely of a test nature and is not necessarily clinically relevant nor will it necessarily pass
*	OMHRS complex edits which are not reflected in the XML Schema. This is an example XML submission file
*	which is valid in terms of the provided XML Schema Version 2011_1.0 only.
*
-->
	<SubmissionHeader>
		<FacilityNumber>A0000</FacilityNumber>
		<FiscalYearOfSubmission>2007</FiscalYearOfSubmission>
		<FiscalQuarterForThisSubmission>F</FiscalQuarterForThisSubmission>
		<NumberOfRecordsInTransmissionFile>1</NumberOfRecordsInTransmissionFile>
		<DateOfSubmission>20070401</DateOfSubmission>
	</SubmissionHeader>
	
	<SubmissionContents>
		<!-- Submission of Facility Record -->
		<FacilityProfile>
			<RecordID>12345</RecordID>
			<FacilityNumber>A0000</FacilityNumber>
			<FacilityName>Facility A0000</FacilityName>
			<SiteName>Site A0000</SiteName>
			<FacilityAddressLine1>Address line 1</FacilityAddressLine1>
			<FacilityAddressLine2>Address line 2</FacilityAddressLine2>
			<City>City</City>
			<Province>ON</Province>
			<PostalCode>A0A0A0</PostalCode>
			<DesignatedNumberOfMOHBeds>1</DesignatedNumberOfMOHBeds>
			<Ownership>1</Ownership>
			<Vendor>A1234</Vendor>
			<FacilityAdministrator>Administrator</FacilityAdministrator>
			<AdministratorPhoneNumber>0000000000</AdministratorPhoneNumber>
			<AdministratorPhoneExtension>0</AdministratorPhoneExtension>
			<AdministratorFaxNumber>0000000000</AdministratorFaxNumber>
			<AdministratorEmail>a@c.c</AdministratorEmail>
			<SiteCoordinatorContact>Coordinator</SiteCoordinatorContact>
			<SiteCoordinatorPhoneNumber>0000000000</SiteCoordinatorPhoneNumber>
			<SiteCoordinatorExtensionNumber>0</SiteCoordinatorExtensionNumber>
			<SiteCoordinatorFaxNumber>0000000000</SiteCoordinatorFaxNumber>
			<SiteCoordinatorEmail>c@b.c</SiteCoordinatorEmail>
			<DatabaseContact>Contact</DatabaseContact>
			<DatabasePhoneNumber>0000000000</DatabasePhoneNumber>
			<DatabaseExtension>0</DatabaseExtension>
			<DatabaseFaxNumber>0000000000</DatabaseFaxNumber>
			<DatabaseEmail>d@b.c</DatabaseEmail>
			<PreferredLanguageOfCorrespondence>eng</PreferredLanguageOfCorrespondence>
			<FacilityType>1</FacilityType>
			<DateFacilityProfileUpdated>20070401</DateFacilityProfileUpdated>
		</FacilityProfile>
	</SubmissionContents>
</OMHRSSubmission>
